Refinery Configuration,Config,Capture Scenario,Year,PADD,Scenario,API,Sul,"Total Avoided CO2,kt/y","Marginal Abatement Cost, $/t"
Hydroskimming Configuration (0),0,ADU/VDU,2050,1,MEDIUM,HEAVY,SOUR,10.57122945,546.095001
Hydroskimming Configuration (0),0,CNR,2050,1,MEDIUM,HEAVY,SOUR,8.950831622,577.593439
Hydroskimming Configuration (0),0,FCC,2050,1,MEDIUM,HEAVY,SOUR,0,0
Hydroskimming Configuration (0),0,Coker,2050,1,MEDIUM,HEAVY,SOUR,0,0
Hydroskimming Configuration (0),0,Hydrotreater,2050,1,MEDIUM,HEAVY,SOUR,9.403670608,578.4534437
Hydroskimming Configuration (0),0,Steam Boiler,2050,1,MEDIUM,HEAVY,SOUR,1.64211587,1360.977252
Hydroskimming Configuration (0),0,SMR,2050,1,MEDIUM,HEAVY,SOUR,0,0
Hydroskimming Configuration (0),0,Others,2050,1,MEDIUM,HEAVY,SOUR,2.649853261,1046.112544
Medium Conversion:  FCC (1),1,ADU/VDU,2050,1,MEDIUM,HEAVY,SOUR,378.3571993,273.3960949
Medium Conversion:  FCC (1),1,CNR,2050,1,MEDIUM,HEAVY,SOUR,73.8861622,350.6978955
Medium Conversion:  FCC (1),1,FCC,2050,1,MEDIUM,HEAVY,SOUR,389.9620516,184.0292333
Medium Conversion:  FCC (1),1,Coker,2050,1,MEDIUM,HEAVY,SOUR,183.3166091,299.0276611
Medium Conversion:  FCC (1),1,Hydrotreater,2050,1,MEDIUM,HEAVY,SOUR,352.2570789,276.0585585
Medium Conversion:  FCC (1),1,Steam Boiler,2050,1,MEDIUM,HEAVY,SOUR,42.00775977,398.3145956
Medium Conversion:  FCC (1),1,SMR,2050,1,MEDIUM,HEAVY,SOUR,129.6546267,259.2701704
Medium Conversion:  FCC (1),1,Others,2050,1,MEDIUM,HEAVY,SOUR,79.59655109,345.8490187
Medium Conversion: GO-HC (2),2,ADU/VDU,2050,1,MEDIUM,HEAVY,SOUR,0,0
Medium Conversion: GO-HC (2),2,CNR,2050,1,MEDIUM,HEAVY,SOUR,0,0
Medium Conversion: GO-HC (2),2,FCC,2050,1,MEDIUM,HEAVY,SOUR,0,0
Medium Conversion: GO-HC (2),2,Coker,2050,1,MEDIUM,HEAVY,SOUR,0,0
Medium Conversion: GO-HC (2),2,Hydrotreater,2050,1,MEDIUM,HEAVY,SOUR,0,0
Medium Conversion: GO-HC (2),2,Steam Boiler,2050,1,MEDIUM,HEAVY,SOUR,0,0
Medium Conversion: GO-HC (2),2,SMR,2050,1,MEDIUM,HEAVY,SOUR,0,0
Medium Conversion: GO-HC (2),2,Others,2050,1,MEDIUM,HEAVY,SOUR,0,0
Medium Conversion: FCC & GO-HC (3),3,ADU/VDU,2050,1,MEDIUM,HEAVY,SOUR,92.91528246,328.1439699
Medium Conversion: FCC & GO-HC (3),3,CNR,2050,1,MEDIUM,HEAVY,SOUR,31.88862939,401.7614191
Medium Conversion: FCC & GO-HC (3),3,FCC,2050,1,MEDIUM,HEAVY,SOUR,81.39560623,242.3917834
Medium Conversion: FCC & GO-HC (3),3,Coker,2050,1,MEDIUM,HEAVY,SOUR,45.01934875,372.2672454
Medium Conversion: FCC & GO-HC (3),3,Hydrotreater,2050,1,MEDIUM,HEAVY,SOUR,85.52663392,334.3430558
Medium Conversion: FCC & GO-HC (3),3,Steam Boiler,2050,1,MEDIUM,HEAVY,SOUR,11.73655569,543.3854892
Medium Conversion: FCC & GO-HC (3),3,SMR,2050,1,MEDIUM,HEAVY,SOUR,49.1975565,313.0682583
Medium Conversion: FCC & GO-HC (3),3,Others,2050,1,MEDIUM,HEAVY,SOUR,23.65045958,440.0589801
Deep Conversion: FCC (4),4,ADU/VDU,2050,1,MEDIUM,HEAVY,SOUR,89.52898514,328.2086848
Deep Conversion: FCC (4),4,CNR,2050,1,MEDIUM,HEAVY,SOUR,27.01055306,416.3885477
Deep Conversion: FCC (4),4,FCC,2050,1,MEDIUM,HEAVY,SOUR,91.17745024,235.8900683
Deep Conversion: FCC (4),4,Coker,2050,1,MEDIUM,HEAVY,SOUR,46.02090429,368.0985206
Deep Conversion: FCC (4),4,Hydrotreater,2050,1,MEDIUM,HEAVY,SOUR,82.08328616,334.7913992
Deep Conversion: FCC (4),4,Steam Boiler,2050,1,MEDIUM,HEAVY,SOUR,10.89962261,556.2558128
Deep Conversion: FCC (4),4,SMR,2050,1,MEDIUM,HEAVY,SOUR,32.43153953,352.9864967
Deep Conversion: FCC (4),4,Others,2050,1,MEDIUM,HEAVY,SOUR,20.96155309,450.8116872
Deep Conversion: GO-HC (5),5,ADU/VDU,2050,1,MEDIUM,HEAVY,SOUR,0,0
Deep Conversion: GO-HC (5),5,CNR,2050,1,MEDIUM,HEAVY,SOUR,0,0
Deep Conversion: GO-HC (5),5,FCC,2050,1,MEDIUM,HEAVY,SOUR,0,0
Deep Conversion: GO-HC (5),5,Coker,2050,1,MEDIUM,HEAVY,SOUR,0,0
Deep Conversion: GO-HC (5),5,Hydrotreater,2050,1,MEDIUM,HEAVY,SOUR,0,0
Deep Conversion: GO-HC (5),5,Steam Boiler,2050,1,MEDIUM,HEAVY,SOUR,0,0
Deep Conversion: GO-HC (5),5,SMR,2050,1,MEDIUM,HEAVY,SOUR,0,0
Deep Conversion: GO-HC (5),5,Others,2050,1,MEDIUM,HEAVY,SOUR,0,0
Deep Conversion: FCC & GO-HC (6),6,ADU/VDU,2050,1,MEDIUM,HEAVY,SOUR,121.913714,315.148573
Deep Conversion: FCC & GO-HC (6),6,CNR,2050,1,MEDIUM,HEAVY,SOUR,51.94122275,363.3301008
Deep Conversion: FCC & GO-HC (6),6,FCC,2050,1,MEDIUM,HEAVY,SOUR,109.8905617,227.3273661
Deep Conversion: FCC & GO-HC (6),6,Coker,2050,1,MEDIUM,HEAVY,SOUR,60.83355876,352.7842362
Deep Conversion: FCC & GO-HC (6),6,Hydrotreater,2050,1,MEDIUM,HEAVY,SOUR,106.755405,323.1797889
Deep Conversion: FCC & GO-HC (6),6,Steam Boiler,2050,1,MEDIUM,HEAVY,SOUR,16.77097075,489.9946805
Deep Conversion: FCC & GO-HC (6),6,SMR,2050,1,MEDIUM,HEAVY,SOUR,63.21856748,295.5079849
Deep Conversion: FCC & GO-HC (6),6,Others,2050,1,MEDIUM,HEAVY,SOUR,29.07110778,421.4920302
Hydroskimming Configuration (0),0,ADU/VDU,2050,2,MEDIUM,HEAVY,SOUR,0,0
Hydroskimming Configuration (0),0,CNR,2050,2,MEDIUM,HEAVY,SOUR,0,0
Hydroskimming Configuration (0),0,FCC,2050,2,MEDIUM,HEAVY,SOUR,0,0
Hydroskimming Configuration (0),0,Coker,2050,2,MEDIUM,HEAVY,SOUR,0,0
Hydroskimming Configuration (0),0,Hydrotreater,2050,2,MEDIUM,HEAVY,SOUR,0,0
Hydroskimming Configuration (0),0,Steam Boiler,2050,2,MEDIUM,HEAVY,SOUR,0,0
Hydroskimming Configuration (0),0,SMR,2050,2,MEDIUM,HEAVY,SOUR,0,0
Hydroskimming Configuration (0),0,Others,2050,2,MEDIUM,HEAVY,SOUR,0,0
Medium Conversion:  FCC (1),1,ADU/VDU,2050,2,MEDIUM,HEAVY,SOUR,565.9836741,215.3312706
Medium Conversion:  FCC (1),1,CNR,2050,2,MEDIUM,HEAVY,SOUR,178.6951786,244.9299248
Medium Conversion:  FCC (1),1,FCC,2050,2,MEDIUM,HEAVY,SOUR,528.1666234,144.3001018
Medium Conversion:  FCC (1),1,Coker,2050,2,MEDIUM,HEAVY,SOUR,260.9165012,233.366822
Medium Conversion:  FCC (1),1,Hydrotreater,2050,2,MEDIUM,HEAVY,SOUR,683.5552816,211.3440749
Medium Conversion:  FCC (1),1,Steam Boiler,2050,2,MEDIUM,HEAVY,SOUR,42.46751615,319.143432
Medium Conversion:  FCC (1),1,SMR,2050,2,MEDIUM,HEAVY,SOUR,233.9550984,191.9845085
Medium Conversion:  FCC (1),1,Others,2050,2,MEDIUM,HEAVY,SOUR,135.5270839,256.4161056
Medium Conversion: GO-HC (2),2,ADU/VDU,2050,2,MEDIUM,HEAVY,SOUR,0,0
Medium Conversion: GO-HC (2),2,CNR,2050,2,MEDIUM,HEAVY,SOUR,0,0
Medium Conversion: GO-HC (2),2,FCC,2050,2,MEDIUM,HEAVY,SOUR,0,0
Medium Conversion: GO-HC (2),2,Coker,2050,2,MEDIUM,HEAVY,SOUR,0,0
Medium Conversion: GO-HC (2),2,Hydrotreater,2050,2,MEDIUM,HEAVY,SOUR,0,0
Medium Conversion: GO-HC (2),2,Steam Boiler,2050,2,MEDIUM,HEAVY,SOUR,0,0
Medium Conversion: GO-HC (2),2,SMR,2050,2,MEDIUM,HEAVY,SOUR,0,0
Medium Conversion: GO-HC (2),2,Others,2050,2,MEDIUM,HEAVY,SOUR,0,0
Medium Conversion: FCC & GO-HC (3),3,ADU/VDU,2050,2,MEDIUM,HEAVY,SOUR,53.69844747,286.8690788
Medium Conversion: FCC & GO-HC (3),3,CNR,2050,2,MEDIUM,HEAVY,SOUR,24.22888807,339.6000123
Medium Conversion: FCC & GO-HC (3),3,FCC,2050,2,MEDIUM,HEAVY,SOUR,42.05488248,224.1894355
Medium Conversion: FCC & GO-HC (3),3,Coker,2050,2,MEDIUM,HEAVY,SOUR,23.60763919,343.6718991
Medium Conversion: FCC & GO-HC (3),3,Hydrotreater,2050,2,MEDIUM,HEAVY,SOUR,61.1429307,281.695731
Medium Conversion: FCC & GO-HC (3),3,Steam Boiler,2050,2,MEDIUM,HEAVY,SOUR,4.807195523,606.0923541
Medium Conversion: FCC & GO-HC (3),3,SMR,2050,2,MEDIUM,HEAVY,SOUR,16.66313362,351.6163555
Medium Conversion: FCC & GO-HC (3),3,Others,2050,2,MEDIUM,HEAVY,SOUR,16.36026109,384.7112935
Deep Conversion: FCC (4),4,ADU/VDU,2050,2,MEDIUM,HEAVY,SOUR,1521.801579,198.1604169
Deep Conversion: FCC (4),4,CNR,2050,2,MEDIUM,HEAVY,SOUR,520.1620212,219.1500666
Deep Conversion: FCC (4),4,FCC,2050,2,MEDIUM,HEAVY,SOUR,1690.258252,126.3160711
Deep Conversion: FCC (4),4,Coker,2050,2,MEDIUM,HEAVY,SOUR,763.7424612,210.7657185
Deep Conversion: FCC (4),4,Hydrotreater,2050,2,MEDIUM,HEAVY,SOUR,1638.828416,196.9617345
Deep Conversion: FCC (4),4,Steam Boiler,2050,2,MEDIUM,HEAVY,SOUR,134.3377245,271.5993219
Deep Conversion: FCC (4),4,SMR,2050,2,MEDIUM,HEAVY,SOUR,581.1226388,175.8115239
Deep Conversion: FCC (4),4,Others,2050,2,MEDIUM,HEAVY,SOUR,408.5568018,225.7272086
Deep Conversion: GO-HC (5),5,ADU/VDU,2050,2,MEDIUM,HEAVY,SOUR,0,0
Deep Conversion: GO-HC (5),5,CNR,2050,2,MEDIUM,HEAVY,SOUR,0,0
Deep Conversion: GO-HC (5),5,FCC,2050,2,MEDIUM,HEAVY,SOUR,0,0
Deep Conversion: GO-HC (5),5,Coker,2050,2,MEDIUM,HEAVY,SOUR,0,0
Deep Conversion: GO-HC (5),5,Hydrotreater,2050,2,MEDIUM,HEAVY,SOUR,0,0
Deep Conversion: GO-HC (5),5,Steam Boiler,2050,2,MEDIUM,HEAVY,SOUR,0,0
Deep Conversion: GO-HC (5),5,SMR,2050,2,MEDIUM,HEAVY,SOUR,0,0
Deep Conversion: GO-HC (5),5,Others,2050,2,MEDIUM,HEAVY,SOUR,0,0
Deep Conversion: FCC & GO-HC (6),6,ADU/VDU,2050,2,MEDIUM,HEAVY,SOUR,1774.708257,197.3057201
Deep Conversion: FCC & GO-HC (6),6,CNR,2050,2,MEDIUM,HEAVY,SOUR,793.0220377,211.2980116
Deep Conversion: FCC & GO-HC (6),6,FCC,2050,2,MEDIUM,HEAVY,SOUR,1785.313589,125.6063557
Deep Conversion: FCC & GO-HC (6),6,Coker,2050,2,MEDIUM,HEAVY,SOUR,850.551279,209.9781352
Deep Conversion: FCC & GO-HC (6),6,Hydrotreater,2050,2,MEDIUM,HEAVY,SOUR,1717.436806,197.5775812
Deep Conversion: FCC & GO-HC (6),6,Steam Boiler,2050,2,MEDIUM,HEAVY,SOUR,152.7009993,266.9471851
Deep Conversion: FCC & GO-HC (6),6,SMR,2050,2,MEDIUM,HEAVY,SOUR,901.7025363,166.3794899
Deep Conversion: FCC & GO-HC (6),6,Others,2050,2,MEDIUM,HEAVY,SOUR,633.4798455,216.1007695
Hydroskimming Configuration (0),0,ADU/VDU,2050,3,MEDIUM,HEAVY,SOUR,251.584092,165.9472686
Hydroskimming Configuration (0),0,CNR,2050,3,MEDIUM,HEAVY,SOUR,45.43350655,213.775305
Hydroskimming Configuration (0),0,FCC,2050,3,MEDIUM,HEAVY,SOUR,0,0
Hydroskimming Configuration (0),0,Coker,2050,3,MEDIUM,HEAVY,SOUR,0,0
Hydroskimming Configuration (0),0,Hydrotreater,2050,3,MEDIUM,HEAVY,SOUR,241.3438232,166.8526851
Hydroskimming Configuration (0),0,Steam Boiler,2050,3,MEDIUM,HEAVY,SOUR,27.37414837,236.2024171
Hydroskimming Configuration (0),0,SMR,2050,3,MEDIUM,HEAVY,SOUR,81.93280805,160.3465648
Hydroskimming Configuration (0),0,Others,2050,3,MEDIUM,HEAVY,SOUR,48.58871732,210.8881007
Medium Conversion:  FCC (1),1,ADU/VDU,2050,3,MEDIUM,HEAVY,SOUR,1266.163276,141.33788
Medium Conversion:  FCC (1),1,CNR,2050,3,MEDIUM,HEAVY,SOUR,494.1182093,154.5365684
Medium Conversion:  FCC (1),1,FCC,2050,3,MEDIUM,HEAVY,SOUR,1166.194297,94.72940697
Medium Conversion:  FCC (1),1,Coker,2050,3,MEDIUM,HEAVY,SOUR,550.4272551,152.8734806
Medium Conversion:  FCC (1),1,Hydrotreater,2050,3,MEDIUM,HEAVY,SOUR,1392.745395,140.1301502
Medium Conversion:  FCC (1),1,Steam Boiler,2050,3,MEDIUM,HEAVY,SOUR,168.6664821,181.444959
Medium Conversion:  FCC (1),1,SMR,2050,3,MEDIUM,HEAVY,SOUR,268.7957256,138.5968977
Medium Conversion:  FCC (1),1,Others,2050,3,MEDIUM,HEAVY,SOUR,136.6579974,189.8670587
Medium Conversion: GO-HC (2),2,ADU/VDU,2050,3,MEDIUM,HEAVY,SOUR,317.6980634,163.3454466
Medium Conversion: GO-HC (2),2,CNR,2050,3,MEDIUM,HEAVY,SOUR,124.4537376,181.2092295
Medium Conversion: GO-HC (2),2,FCC,2050,3,MEDIUM,HEAVY,SOUR,0,0
Medium Conversion: GO-HC (2),2,Coker,2050,3,MEDIUM,HEAVY,SOUR,106.5104349,185.9103519
Medium Conversion: GO-HC (2),2,Hydrotreater,2050,3,MEDIUM,HEAVY,SOUR,326.3060099,162.8563876
Medium Conversion: GO-HC (2),2,Steam Boiler,2050,3,MEDIUM,HEAVY,SOUR,26.79233881,237.2752954
Medium Conversion: GO-HC (2),2,SMR,2050,3,MEDIUM,HEAVY,SOUR,349.2041429,128.3151343
Medium Conversion: GO-HC (2),2,Others,2050,3,MEDIUM,HEAVY,SOUR,130.4946198,180.2923498
Medium Conversion: FCC & GO-HC (3),3,ADU/VDU,2050,3,MEDIUM,HEAVY,SOUR,1233.866804,141.9284606
Medium Conversion: FCC & GO-HC (3),3,CNR,2050,3,MEDIUM,HEAVY,SOUR,547.1135293,152.9695224
Medium Conversion: FCC & GO-HC (3),3,FCC,2050,3,MEDIUM,HEAVY,SOUR,1042.645089,95.68159345
Medium Conversion: FCC & GO-HC (3),3,Coker,2050,3,MEDIUM,HEAVY,SOUR,644.1961355,150.3607809
Medium Conversion: FCC & GO-HC (3),3,Hydrotreater,2050,3,MEDIUM,HEAVY,SOUR,1189.957321,142.3678593
Medium Conversion: FCC & GO-HC (3),3,Steam Boiler,2050,3,MEDIUM,HEAVY,SOUR,148.775615,184.2126263
Medium Conversion: FCC & GO-HC (3),3,SMR,2050,3,MEDIUM,HEAVY,SOUR,483.7946922,127.3929728
Medium Conversion: FCC & GO-HC (3),3,Others,2050,3,MEDIUM,HEAVY,SOUR,289.6033479,165.2057592
Deep Conversion: FCC (4),4,ADU/VDU,2050,3,MEDIUM,HEAVY,SOUR,2826.007575,133.8876642
Deep Conversion: FCC (4),4,CNR,2050,3,MEDIUM,HEAVY,SOUR,815.673447,148.7198072
Deep Conversion: FCC (4),4,FCC,2050,3,MEDIUM,HEAVY,SOUR,3183.672049,86.55823729
Deep Conversion: FCC (4),4,Coker,2050,3,MEDIUM,HEAVY,SOUR,1583.077362,139.4926722
Deep Conversion: FCC (4),4,Hydrotreater,2050,3,MEDIUM,HEAVY,SOUR,2851.437191,133.6895854
Deep Conversion: FCC (4),4,Steam Boiler,2050,3,MEDIUM,HEAVY,SOUR,318.9511291,170.9952508
Deep Conversion: FCC (4),4,SMR,2050,3,MEDIUM,HEAVY,SOUR,1245.089231,117.1165206
Deep Conversion: FCC (4),4,Others,2050,3,MEDIUM,HEAVY,SOUR,518.818277,156.8070259
Deep Conversion: GO-HC (5),5,ADU/VDU,2050,3,MEDIUM,HEAVY,SOUR,92.34612918,187.5212307
Deep Conversion: GO-HC (5),5,CNR,2050,3,MEDIUM,HEAVY,SOUR,33.71115681,220.3717352
Deep Conversion: GO-HC (5),5,FCC,2050,3,MEDIUM,HEAVY,SOUR,0,0
Deep Conversion: GO-HC (5),5,Coker,2050,3,MEDIUM,HEAVY,SOUR,45.69376162,207.9639729
Deep Conversion: GO-HC (5),5,Hydrotreater,2050,3,MEDIUM,HEAVY,SOUR,76.48081992,193.7152165
Deep Conversion: GO-HC (5),5,Steam Boiler,2050,3,MEDIUM,HEAVY,SOUR,7.074031943,347.1043346
Deep Conversion: GO-HC (5),5,SMR,2050,3,MEDIUM,HEAVY,SOUR,138.8531299,142.2973634
Deep Conversion: GO-HC (5),5,Others,2050,3,MEDIUM,HEAVY,SOUR,42.56071768,211.5648279
Deep Conversion: FCC & GO-HC (6),6,ADU/VDU,2050,3,MEDIUM,HEAVY,SOUR,5488.704171,131.0595194
Deep Conversion: FCC & GO-HC (6),6,CNR,2050,3,MEDIUM,HEAVY,SOUR,1904.651729,140.0688995
Deep Conversion: FCC & GO-HC (6),6,FCC,2050,3,MEDIUM,HEAVY,SOUR,6199.79779,83.53174959
Deep Conversion: FCC & GO-HC (6),6,Coker,2050,3,MEDIUM,HEAVY,SOUR,2957.382677,135.1764423
Deep Conversion: FCC & GO-HC (6),6,Hydrotreater,2050,3,MEDIUM,HEAVY,SOUR,5985.010058,130.5361992
Deep Conversion: FCC & GO-HC (6),6,Steam Boiler,2050,3,MEDIUM,HEAVY,SOUR,589.5281414,162.4686404
Deep Conversion: FCC & GO-HC (6),6,SMR,2050,3,MEDIUM,HEAVY,SOUR,3761.287599,107.4683996
Deep Conversion: FCC & GO-HC (6),6,Others,2050,3,MEDIUM,HEAVY,SOUR,1434.526447,143.7088432
Hydroskimming Configuration (0),0,ADU/VDU,2050,4,MEDIUM,HEAVY,SOUR,5.199580542,505.3663798
Hydroskimming Configuration (0),0,CNR,2050,4,MEDIUM,HEAVY,SOUR,0.079236748,0
Hydroskimming Configuration (0),0,FCC,2050,4,MEDIUM,HEAVY,SOUR,0,0
Hydroskimming Configuration (0),0,Coker,2050,4,MEDIUM,HEAVY,SOUR,0,0
Hydroskimming Configuration (0),0,Hydrotreater,2050,4,MEDIUM,HEAVY,SOUR,4.217589085,563.1924447
Hydroskimming Configuration (0),0,Steam Boiler,2050,4,MEDIUM,HEAVY,SOUR,0.326221736,3280.340769
Hydroskimming Configuration (0),0,SMR,2050,4,MEDIUM,HEAVY,SOUR,2.402904466,852.7448187
Hydroskimming Configuration (0),0,Others,2050,4,MEDIUM,HEAVY,SOUR,1.997300767,853.0914598
Medium Conversion:  FCC (1),1,ADU/VDU,2050,4,MEDIUM,HEAVY,SOUR,295.9213051,203.9546922
Medium Conversion:  FCC (1),1,CNR,2050,4,MEDIUM,HEAVY,SOUR,50.56787994,264.4110209
Medium Conversion:  FCC (1),1,FCC,2050,4,MEDIUM,HEAVY,SOUR,177.1523248,152.0696114
Medium Conversion:  FCC (1),1,Coker,2050,4,MEDIUM,HEAVY,SOUR,181.8640458,215.4390724
Medium Conversion:  FCC (1),1,Hydrotreater,2050,4,MEDIUM,HEAVY,SOUR,231.3913996,210.0012344
Medium Conversion:  FCC (1),1,Steam Boiler,2050,4,MEDIUM,HEAVY,SOUR,25.99841861,312.2401169
Medium Conversion:  FCC (1),1,SMR,2050,4,MEDIUM,HEAVY,SOUR,100.518112,196.548199
Medium Conversion:  FCC (1),1,Others,2050,4,MEDIUM,HEAVY,SOUR,56.13231898,259.3700754
Medium Conversion: GO-HC (2),2,ADU/VDU,2050,4,MEDIUM,HEAVY,SOUR,0,0
Medium Conversion: GO-HC (2),2,CNR,2050,4,MEDIUM,HEAVY,SOUR,0,0
Medium Conversion: GO-HC (2),2,FCC,2050,4,MEDIUM,HEAVY,SOUR,0,0
Medium Conversion: GO-HC (2),2,Coker,2050,4,MEDIUM,HEAVY,SOUR,0,0
Medium Conversion: GO-HC (2),2,Hydrotreater,2050,4,MEDIUM,HEAVY,SOUR,0,0
Medium Conversion: GO-HC (2),2,Steam Boiler,2050,4,MEDIUM,HEAVY,SOUR,0,0
Medium Conversion: GO-HC (2),2,SMR,2050,4,MEDIUM,HEAVY,SOUR,0,0
Medium Conversion: GO-HC (2),2,Others,2050,4,MEDIUM,HEAVY,SOUR,0,0
Medium Conversion: FCC & GO-HC (3),3,ADU/VDU,2050,4,MEDIUM,HEAVY,SOUR,84.7978551,239.3792387
Medium Conversion: FCC & GO-HC (3),3,CNR,2050,4,MEDIUM,HEAVY,SOUR,37.73398704,273.9577602
Medium Conversion: FCC & GO-HC (3),3,FCC,2050,4,MEDIUM,HEAVY,SOUR,53.703171,188.5780931
Medium Conversion: FCC & GO-HC (3),3,Coker,2050,4,MEDIUM,HEAVY,SOUR,44.32313603,265.7320419
Medium Conversion: FCC & GO-HC (3),3,Hydrotreater,2050,4,MEDIUM,HEAVY,SOUR,83.35977913,241.0327764
Medium Conversion: FCC & GO-HC (3),3,Steam Boiler,2050,4,MEDIUM,HEAVY,SOUR,8.356118044,429.6524764
Medium Conversion: FCC & GO-HC (3),3,SMR,2050,4,MEDIUM,HEAVY,SOUR,20.92456903,290.1442051
Medium Conversion: FCC & GO-HC (3),3,Others,2050,4,MEDIUM,HEAVY,SOUR,19.16608847,329.3767814
Deep Conversion: FCC (4),4,ADU/VDU,2050,4,MEDIUM,HEAVY,SOUR,263.1067454,205.7142191
Deep Conversion: FCC (4),4,CNR,2050,4,MEDIUM,HEAVY,SOUR,106.1702031,231.8151406
Deep Conversion: FCC (4),4,FCC,2050,4,MEDIUM,HEAVY,SOUR,255.6001016,143.1895401
Deep Conversion: FCC (4),4,Coker,2050,4,MEDIUM,HEAVY,SOUR,120.8985053,227.2409242
Deep Conversion: FCC (4),4,Hydrotreater,2050,4,MEDIUM,HEAVY,SOUR,245.8037755,207.8024657
Deep Conversion: FCC (4),4,Steam Boiler,2050,4,MEDIUM,HEAVY,SOUR,27.24124125,309.0796632
Deep Conversion: FCC (4),4,SMR,2050,4,MEDIUM,HEAVY,SOUR,37.66735826,249.8837969
Deep Conversion: FCC (4),4,Others,2050,4,MEDIUM,HEAVY,SOUR,65.7122981,250.9259968
Deep Conversion: GO-HC (5),5,ADU/VDU,2050,4,MEDIUM,HEAVY,SOUR,0,0
Deep Conversion: GO-HC (5),5,CNR,2050,4,MEDIUM,HEAVY,SOUR,0,0
Deep Conversion: GO-HC (5),5,FCC,2050,4,MEDIUM,HEAVY,SOUR,0,0
Deep Conversion: GO-HC (5),5,Coker,2050,4,MEDIUM,HEAVY,SOUR,0,0
Deep Conversion: GO-HC (5),5,Hydrotreater,2050,4,MEDIUM,HEAVY,SOUR,0,0
Deep Conversion: GO-HC (5),5,Steam Boiler,2050,4,MEDIUM,HEAVY,SOUR,0,0
Deep Conversion: GO-HC (5),5,SMR,2050,4,MEDIUM,HEAVY,SOUR,0,0
Deep Conversion: GO-HC (5),5,Others,2050,4,MEDIUM,HEAVY,SOUR,0,0
Deep Conversion: FCC & GO-HC (6),6,ADU/VDU,2050,4,MEDIUM,HEAVY,SOUR,174.409208,215.6309948
Deep Conversion: FCC & GO-HC (6),6,CNR,2050,4,MEDIUM,HEAVY,SOUR,39.218161,272.3058318
Deep Conversion: FCC & GO-HC (6),6,FCC,2050,4,MEDIUM,HEAVY,SOUR,158.1649698,154.1558596
Deep Conversion: FCC & GO-HC (6),6,Coker,2050,4,MEDIUM,HEAVY,SOUR,94.50298271,234.4029672
Deep Conversion: FCC & GO-HC (6),6,Hydrotreater,2050,4,MEDIUM,HEAVY,SOUR,156.7874371,219.3541917
Deep Conversion: FCC & GO-HC (6),6,Steam Boiler,2050,4,MEDIUM,HEAVY,SOUR,11.24742298,389.2028914
Deep Conversion: FCC & GO-HC (6),6,SMR,2050,4,MEDIUM,HEAVY,SOUR,114.2501402,189.2377272
Deep Conversion: FCC & GO-HC (6),6,Others,2050,4,MEDIUM,HEAVY,SOUR,65.11332974,247.466086
Hydroskimming Configuration (0),0,ADU/VDU,2050,5,MEDIUM,HEAVY,SOUR,469.2409993,253.2338832
Hydroskimming Configuration (0),0,CNR,2050,5,MEDIUM,HEAVY,SOUR,274.6289807,269.4206086
Hydroskimming Configuration (0),0,FCC,2050,5,MEDIUM,HEAVY,SOUR,0,0
Hydroskimming Configuration (0),0,Coker,2050,5,MEDIUM,HEAVY,SOUR,0,0
Hydroskimming Configuration (0),0,Hydrotreater,2050,5,MEDIUM,HEAVY,SOUR,574.2063248,248.1694185
Hydroskimming Configuration (0),0,Steam Boiler,2050,5,MEDIUM,HEAVY,SOUR,66.05930419,335.1749468
Hydroskimming Configuration (0),0,SMR,2050,5,MEDIUM,HEAVY,SOUR,38.53017834,334.9700067
Hydroskimming Configuration (0),0,Others,2050,5,MEDIUM,HEAVY,SOUR,78.26705678,331.9953024
Medium Conversion:  FCC (1),1,ADU/VDU,2050,5,MEDIUM,HEAVY,SOUR,265.9455427,257.7668158
Medium Conversion:  FCC (1),1,CNR,2050,5,MEDIUM,HEAVY,SOUR,69.49827565,318.2469552
Medium Conversion:  FCC (1),1,FCC,2050,5,MEDIUM,HEAVY,SOUR,225.7577336,182.0706823
Medium Conversion:  FCC (1),1,Coker,2050,5,MEDIUM,HEAVY,SOUR,128.3685703,283.9373687
Medium Conversion:  FCC (1),1,Hydrotreater,2050,5,MEDIUM,HEAVY,SOUR,274.7361272,256.8941508
Medium Conversion:  FCC (1),1,Steam Boiler,2050,5,MEDIUM,HEAVY,SOUR,33.00424429,375.2913395
Medium Conversion:  FCC (1),1,SMR,2050,5,MEDIUM,HEAVY,SOUR,47.42476124,295.2566364
Medium Conversion:  FCC (1),1,Others,2050,5,MEDIUM,HEAVY,SOUR,32.19913338,381.2978794
Medium Conversion: GO-HC (2),2,ADU/VDU,2050,5,MEDIUM,HEAVY,SOUR,125.935052,293.7300661
Medium Conversion: GO-HC (2),2,CNR,2050,5,MEDIUM,HEAVY,SOUR,47.26179825,343.1295664
Medium Conversion: GO-HC (2),2,FCC,2050,5,MEDIUM,HEAVY,SOUR,0,0
Medium Conversion: GO-HC (2),2,Coker,2050,5,MEDIUM,HEAVY,SOUR,60.27861967,328.1968887
Medium Conversion: GO-HC (2),2,Hydrotreater,2050,5,MEDIUM,HEAVY,SOUR,83.34434225,314.5793141
Medium Conversion: GO-HC (2),2,Steam Boiler,2050,5,MEDIUM,HEAVY,SOUR,12.54054194,477.5853428
Medium Conversion: GO-HC (2),2,SMR,2050,5,MEDIUM,HEAVY,SOUR,198.1549289,214.9625111
Medium Conversion: GO-HC (2),2,Others,2050,5,MEDIUM,HEAVY,SOUR,67.1772172,322.5060525
Medium Conversion: FCC & GO-HC (3),3,ADU/VDU,2050,5,MEDIUM,HEAVY,SOUR,269.1076345,256.9729076
Medium Conversion: FCC & GO-HC (3),3,CNR,2050,5,MEDIUM,HEAVY,SOUR,34.43445232,368.7795553
Medium Conversion: FCC & GO-HC (3),3,FCC,2050,5,MEDIUM,HEAVY,SOUR,254.4877246,177.771028
Medium Conversion: FCC & GO-HC (3),3,Coker,2050,5,MEDIUM,HEAVY,SOUR,137.0566879,280.1442471
Medium Conversion: FCC & GO-HC (3),3,Hydrotreater,2050,5,MEDIUM,HEAVY,SOUR,252.3778667,259.5271613
Medium Conversion: FCC & GO-HC (3),3,Steam Boiler,2050,5,MEDIUM,HEAVY,SOUR,29.19747266,385.0363174
Medium Conversion: FCC & GO-HC (3),3,SMR,2050,5,MEDIUM,HEAVY,SOUR,197.2900114,216.7657129
Medium Conversion: FCC & GO-HC (3),3,Others,2050,5,MEDIUM,HEAVY,SOUR,61.05610516,322.8288008
Deep Conversion: FCC (4),4,ADU/VDU,2050,5,MEDIUM,HEAVY,SOUR,243.031669,261.6715414
Deep Conversion: FCC (4),4,CNR,2050,5,MEDIUM,HEAVY,SOUR,76.17398142,312.4083251
Deep Conversion: FCC (4),4,FCC,2050,5,MEDIUM,HEAVY,SOUR,182.0293326,188.3046302
Deep Conversion: FCC (4),4,Coker,2050,5,MEDIUM,HEAVY,SOUR,107.5603748,293.1981303
Deep Conversion: FCC (4),4,Hydrotreater,2050,5,MEDIUM,HEAVY,SOUR,223.4972149,265.1288594
Deep Conversion: FCC (4),4,Steam Boiler,2050,5,MEDIUM,HEAVY,SOUR,31.13809317,379.8313267
Deep Conversion: FCC (4),4,SMR,2050,5,MEDIUM,HEAVY,SOUR,76.78917425,262.2179829
Deep Conversion: FCC (4),4,Others,2050,5,MEDIUM,HEAVY,SOUR,40.59705192,357.0270251
Deep Conversion: GO-HC (5),5,ADU/VDU,2050,5,MEDIUM,HEAVY,SOUR,330.5896295,265.8032036
Deep Conversion: GO-HC (5),5,CNR,2050,5,MEDIUM,HEAVY,SOUR,154.8417542,291.3045411
Deep Conversion: GO-HC (5),5,FCC,2050,5,MEDIUM,HEAVY,SOUR,0,0
Deep Conversion: GO-HC (5),5,Coker,2050,5,MEDIUM,HEAVY,SOUR,149.2142448,293.3417824
Deep Conversion: GO-HC (5),5,Hydrotreater,2050,5,MEDIUM,HEAVY,SOUR,293.3241314,269.8187181
Deep Conversion: GO-HC (5),5,Steam Boiler,2050,5,MEDIUM,HEAVY,SOUR,31.27105004,379.4936704
Deep Conversion: GO-HC (5),5,SMR,2050,5,MEDIUM,HEAVY,SOUR,685.4771166,187.8209588
Deep Conversion: GO-HC (5),5,Others,2050,5,MEDIUM,HEAVY,SOUR,220.5286401,278.732969
Deep Conversion: FCC & GO-HC (6),6,ADU/VDU,2050,5,MEDIUM,HEAVY,SOUR,1499.4819,224.0858773
Deep Conversion: FCC & GO-HC (6),6,CNR,2050,5,MEDIUM,HEAVY,SOUR,359.3879657,262.2860029
Deep Conversion: FCC & GO-HC (6),6,FCC,2050,5,MEDIUM,HEAVY,SOUR,872.7366842,151.8718221
Deep Conversion: FCC & GO-HC (6),6,Coker,2050,5,MEDIUM,HEAVY,SOUR,859.0456744,235.8004121
Deep Conversion: FCC & GO-HC (6),6,Hydrotreater,2050,5,MEDIUM,HEAVY,SOUR,1353.325331,225.9904359
Deep Conversion: FCC & GO-HC (6),6,Steam Boiler,2050,5,MEDIUM,HEAVY,SOUR,190.417183,291.141646
Deep Conversion: FCC & GO-HC (6),6,SMR,2050,5,MEDIUM,HEAVY,SOUR,1001.44125,182.2575822
Deep Conversion: FCC & GO-HC (6),6,Others,2050,5,MEDIUM,HEAVY,SOUR,219.2700608,284.8108281
