,EmissionsThreshold,OilPrices,Risk.Free.Interest.Rate,Carbon.Capture.Operating.Cost.Variation,Carbon.Price.Variation,Carbon.Capture.CapEx,Year,RO_Options,Count,Total_Count,Percentage
1,Carbon Tax,Low,Ref,Ref,Ref,Ref,2019,Continue Operation,1000,1000,1
2,Carbon Tax,Low,Ref,Ref,Ref,Ref,2020,Continue Operation,2000,2000,1
3,Carbon Tax,Low,Ref,Ref,Ref,Ref,2021,Continue Operation,3000,3000,1
4,Carbon Tax,Low,Ref,Ref,Ref,Ref,2022,Continue Operation,2322,4000,0.5805
5,Carbon Tax,Low,Ref,Ref,Ref,Ref,2022,Deploy Carbon Capture,1678,4000,0.4195
6,Carbon Tax,Low,Ref,Ref,Ref,Ref,2023,Continue Operation,2322,5000,0.4644
7,Carbon Tax,Low,Ref,Ref,Ref,Ref,2023,Deploy Carbon Capture,2678,5000,0.5356
8,Carbon Tax,Low,Ref,Ref,Ref,Ref,2024,Continue Operation,2322,6000,0.387
9,Carbon Tax,Low,Ref,Ref,Ref,Ref,2024,Deploy Carbon Capture,3678,6000,0.613
10,Carbon Tax,Low,Ref,Ref,Ref,Ref,2025,Continue Operation,2322,7000,0.331714286
11,Carbon Tax,Low,Ref,Ref,Ref,Ref,2025,Deploy Carbon Capture,4678,7000,0.668285714
12,Carbon Tax,Low,Ref,Ref,Ref,Ref,2026,Continue Operation,2322,8000,0.29025
13,Carbon Tax,Low,Ref,Ref,Ref,Ref,2026,Deploy Carbon Capture,5678,8000,0.70975
14,Carbon Tax,Low,Ref,Ref,Ref,Ref,2027,Continue Operation,2318,9000,0.257555556
15,Carbon Tax,Low,Ref,Ref,Ref,Ref,2027,Deploy Carbon Capture,6682,9000,0.742444444
16,Carbon Tax,Low,Ref,Ref,Ref,Ref,2028,Continue Operation,2015,10000,0.2015
17,Carbon Tax,Low,Ref,Ref,Ref,Ref,2028,Deploy Carbon Capture,6789,10000,0.6789
18,Carbon Tax,Low,Ref,Ref,Ref,Ref,2028,Shutdown Refinery,1196,10000,0.1196
19,Carbon Tax,Low,Ref,Ref,Ref,Ref,2029,Continue Operation,1655,11000,0.150454545
20,Carbon Tax,Low,Ref,Ref,Ref,Ref,2029,Deploy Carbon Capture,6826,11000,0.620545455
21,Carbon Tax,Low,Ref,Ref,Ref,Ref,2029,Shutdown Refinery,2519,11000,0.229
22,Carbon Tax,Low,Ref,Ref,Ref,Ref,2030,Continue Operation,100,12000,0.008333333
23,Carbon Tax,Low,Ref,Ref,Ref,Ref,2030,Deploy Carbon Capture,365,12000,0.030416667
24,Carbon Tax,Low,Ref,Ref,Ref,Ref,2030,Shutdown Refinery,11535,12000,0.96125
25,Carbon Tax,Low,Ref,Ref,Ref,Ref,2031,Continue Operation,32,13000,0.002461538
26,Carbon Tax,Low,Ref,Ref,Ref,Ref,2031,Deploy Carbon Capture,422,13000,0.032461538
27,Carbon Tax,Low,Ref,Ref,Ref,Ref,2031,Shutdown Refinery,12546,13000,0.965076923
28,Carbon Tax,Low,Ref,Ref,Ref,Ref,2032,Continue Operation,2,14000,0.000142857
29,Carbon Tax,Low,Ref,Ref,Ref,Ref,2032,Deploy Carbon Capture,452,14000,0.032285714
30,Carbon Tax,Low,Ref,Ref,Ref,Ref,2032,Shutdown Refinery,13546,14000,0.967571429
31,Carbon Tax,Low,Ref,Ref,Ref,Ref,2033,Deploy Carbon Capture,452,15000,0.030133333
32,Carbon Tax,Low,Ref,Ref,Ref,Ref,2033,Shutdown Refinery,14548,15000,0.969866667
33,Carbon Tax,Low,Ref,Ref,Ref,Ref,2034,Deploy Carbon Capture,445,16000,0.0278125
34,Carbon Tax,Low,Ref,Ref,Ref,Ref,2034,Shutdown Refinery,15555,16000,0.9721875
35,Carbon Tax,Low,Ref,Ref,Ref,Ref,2035,Deploy Carbon Capture,445,17000,0.026176471
36,Carbon Tax,Low,Ref,Ref,Ref,Ref,2035,Shutdown Refinery,16555,17000,0.973823529
37,Carbon Tax,Low,Ref,Ref,Ref,Ref,2036,Deploy Carbon Capture,445,18000,0.024722222
38,Carbon Tax,Low,Ref,Ref,Ref,Ref,2036,Shutdown Refinery,17555,18000,0.975277778
39,Carbon Tax,Low,Ref,Ref,Ref,Ref,2037,Deploy Carbon Capture,445,19000,0.023421053
40,Carbon Tax,Low,Ref,Ref,Ref,Ref,2037,Shutdown Refinery,18555,19000,0.976578947
41,Carbon Tax,Low,Ref,Ref,Ref,Ref,2038,Deploy Carbon Capture,444,20000,0.0222
42,Carbon Tax,Low,Ref,Ref,Ref,Ref,2038,Shutdown Refinery,19556,20000,0.9778
43,Carbon Tax,Low,Ref,Ref,Ref,Ref,2039,Deploy Carbon Capture,443,21000,0.021095238
44,Carbon Tax,Low,Ref,Ref,Ref,Ref,2039,Shutdown Refinery,20557,21000,0.978904762
45,Carbon Tax,Low,Ref,Ref,Ref,Ref,2040,Deploy Carbon Capture,443,22000,0.020136364
46,Carbon Tax,Low,Ref,Ref,Ref,Ref,2040,Shutdown Refinery,21557,22000,0.979863636
47,Carbon Tax,Low,Ref,Ref,Ref,Ref,2041,Deploy Carbon Capture,439,23000,0.019086957
48,Carbon Tax,Low,Ref,Ref,Ref,Ref,2041,Shutdown Refinery,22561,23000,0.980913043
49,Carbon Tax,Low,Ref,Ref,Ref,Ref,2042,Deploy Carbon Capture,433,24000,0.018041667
50,Carbon Tax,Low,Ref,Ref,Ref,Ref,2042,Shutdown Refinery,23567,24000,0.981958333
51,Carbon Tax,Low,Ref,Ref,Ref,Ref,2043,Deploy Carbon Capture,420,25000,0.0168
52,Carbon Tax,Low,Ref,Ref,Ref,Ref,2043,Shutdown Refinery,24580,25000,0.9832
53,Carbon Tax,Low,Ref,Ref,Ref,Ref,2044,Deploy Carbon Capture,392,26000,0.015076923
54,Carbon Tax,Low,Ref,Ref,Ref,Ref,2044,Shutdown Refinery,25608,26000,0.984923077
55,Carbon Tax,Low,Ref,Ref,Ref,Ref,2045,Deploy Carbon Capture,333,27000,0.012333333
56,Carbon Tax,Low,Ref,Ref,Ref,Ref,2045,Shutdown Refinery,26667,27000,0.987666667
57,Carbon Tax,Low,Ref,Ref,Ref,Ref,2046,Deploy Carbon Capture,207,28000,0.007392857
58,Carbon Tax,Low,Ref,Ref,Ref,Ref,2046,Shutdown Refinery,27793,28000,0.992607143
59,Carbon Tax,Low,Ref,Ref,Ref,Ref,2047,Deploy Carbon Capture,96,29000,0.003310345
60,Carbon Tax,Low,Ref,Ref,Ref,Ref,2047,Shutdown Refinery,28904,29000,0.996689655
61,Carbon Tax,Low,Ref,Ref,Ref,Ref,2048,Deploy Carbon Capture,19,30000,0.000633333
62,Carbon Tax,Low,Ref,Ref,Ref,Ref,2048,Shutdown Refinery,29981,30000,0.999366667
63,Carbon Tax,Low,Ref,Ref,Ref,Ref,2049,Shutdown Refinery,31000,31000,1
64,Carbon Tax,Low,Ref,Ref,Ref,Ref,2050,Shutdown Refinery,32000,32000,1
65,Carbon Tax,High,Ref,Ref,Ref,Ref,2019,Continue Operation,1000,1000,1
66,Carbon Tax,High,Ref,Ref,Ref,Ref,2020,Continue Operation,2000,2000,1
67,Carbon Tax,High,Ref,Ref,Ref,Ref,2021,Continue Operation,3000,3000,1
68,Carbon Tax,High,Ref,Ref,Ref,Ref,2022,Continue Operation,2016,4000,0.504
69,Carbon Tax,High,Ref,Ref,Ref,Ref,2022,Deploy Carbon Capture,1984,4000,0.496
70,Carbon Tax,High,Ref,Ref,Ref,Ref,2023,Continue Operation,2016,5000,0.4032
71,Carbon Tax,High,Ref,Ref,Ref,Ref,2023,Deploy Carbon Capture,2984,5000,0.5968
72,Carbon Tax,High,Ref,Ref,Ref,Ref,2024,Continue Operation,2016,6000,0.336
73,Carbon Tax,High,Ref,Ref,Ref,Ref,2024,Deploy Carbon Capture,3984,6000,0.664
74,Carbon Tax,High,Ref,Ref,Ref,Ref,2025,Continue Operation,2016,7000,0.288
75,Carbon Tax,High,Ref,Ref,Ref,Ref,2025,Deploy Carbon Capture,4984,7000,0.712
76,Carbon Tax,High,Ref,Ref,Ref,Ref,2026,Continue Operation,2016,8000,0.252
77,Carbon Tax,High,Ref,Ref,Ref,Ref,2026,Deploy Carbon Capture,5984,8000,0.748
78,Carbon Tax,High,Ref,Ref,Ref,Ref,2027,Continue Operation,2016,9000,0.224
79,Carbon Tax,High,Ref,Ref,Ref,Ref,2027,Deploy Carbon Capture,6984,9000,0.776
80,Carbon Tax,High,Ref,Ref,Ref,Ref,2028,Continue Operation,2013,10000,0.2013
81,Carbon Tax,High,Ref,Ref,Ref,Ref,2028,Deploy Carbon Capture,7987,10000,0.7987
82,Carbon Tax,High,Ref,Ref,Ref,Ref,2029,Continue Operation,2013,11000,0.183
83,Carbon Tax,High,Ref,Ref,Ref,Ref,2029,Deploy Carbon Capture,8987,11000,0.817
84,Carbon Tax,High,Ref,Ref,Ref,Ref,2030,Continue Operation,2013,12000,0.16775
85,Carbon Tax,High,Ref,Ref,Ref,Ref,2030,Deploy Carbon Capture,9987,12000,0.83225
86,Carbon Tax,High,Ref,Ref,Ref,Ref,2031,Continue Operation,2011,13000,0.154692308
87,Carbon Tax,High,Ref,Ref,Ref,Ref,2031,Deploy Carbon Capture,10989,13000,0.845307692
88,Carbon Tax,High,Ref,Ref,Ref,Ref,2032,Continue Operation,2009,14000,0.1435
89,Carbon Tax,High,Ref,Ref,Ref,Ref,2032,Deploy Carbon Capture,11991,14000,0.8565
90,Carbon Tax,High,Ref,Ref,Ref,Ref,2033,Continue Operation,2009,15000,0.133933333
91,Carbon Tax,High,Ref,Ref,Ref,Ref,2033,Deploy Carbon Capture,12991,15000,0.866066667
92,Carbon Tax,High,Ref,Ref,Ref,Ref,2034,Continue Operation,2007,16000,0.1254375
93,Carbon Tax,High,Ref,Ref,Ref,Ref,2034,Deploy Carbon Capture,13993,16000,0.8745625
94,Carbon Tax,High,Ref,Ref,Ref,Ref,2035,Continue Operation,2007,17000,0.118058824
95,Carbon Tax,High,Ref,Ref,Ref,Ref,2035,Deploy Carbon Capture,14993,17000,0.881941176
96,Carbon Tax,High,Ref,Ref,Ref,Ref,2036,Continue Operation,2007,18000,0.1115
97,Carbon Tax,High,Ref,Ref,Ref,Ref,2036,Deploy Carbon Capture,15993,18000,0.8885
98,Carbon Tax,High,Ref,Ref,Ref,Ref,2037,Continue Operation,2007,19000,0.105631579
99,Carbon Tax,High,Ref,Ref,Ref,Ref,2037,Deploy Carbon Capture,16993,19000,0.894368421
100,Carbon Tax,High,Ref,Ref,Ref,Ref,2038,Continue Operation,1998,20000,0.0999
101,Carbon Tax,High,Ref,Ref,Ref,Ref,2038,Deploy Carbon Capture,18002,20000,0.9001
102,Carbon Tax,High,Ref,Ref,Ref,Ref,2039,Continue Operation,1977,21000,0.094142857
103,Carbon Tax,High,Ref,Ref,Ref,Ref,2039,Deploy Carbon Capture,19023,21000,0.905857143
104,Carbon Tax,High,Ref,Ref,Ref,Ref,2040,Continue Operation,1960,22000,0.089090909
105,Carbon Tax,High,Ref,Ref,Ref,Ref,2040,Deploy Carbon Capture,20040,22000,0.910909091
106,Carbon Tax,High,Ref,Ref,Ref,Ref,2041,Continue Operation,1921,23000,0.083521739
107,Carbon Tax,High,Ref,Ref,Ref,Ref,2041,Deploy Carbon Capture,21079,23000,0.916478261
108,Carbon Tax,High,Ref,Ref,Ref,Ref,2042,Continue Operation,1798,24000,0.074916667
109,Carbon Tax,High,Ref,Ref,Ref,Ref,2042,Deploy Carbon Capture,22202,24000,0.925083333
110,Carbon Tax,High,Ref,Ref,Ref,Ref,2043,Continue Operation,1656,25000,0.06624
111,Carbon Tax,High,Ref,Ref,Ref,Ref,2043,Deploy Carbon Capture,23344,25000,0.93376
112,Carbon Tax,High,Ref,Ref,Ref,Ref,2044,Continue Operation,1269,26000,0.048807692
113,Carbon Tax,High,Ref,Ref,Ref,Ref,2044,Deploy Carbon Capture,24731,26000,0.951192308
114,Carbon Tax,High,Ref,Ref,Ref,Ref,2045,Continue Operation,1105,27000,0.040925926
115,Carbon Tax,High,Ref,Ref,Ref,Ref,2045,Deploy Carbon Capture,25884,27000,0.958666667
116,Carbon Tax,High,Ref,Ref,Ref,Ref,2045,Shutdown Refinery,11,27000,0.000407407
117,Carbon Tax,High,Ref,Ref,Ref,Ref,2046,Continue Operation,895,28000,0.031964286
118,Carbon Tax,High,Ref,Ref,Ref,Ref,2046,Deploy Carbon Capture,27057,28000,0.966321429
119,Carbon Tax,High,Ref,Ref,Ref,Ref,2046,Shutdown Refinery,48,28000,0.001714286
120,Carbon Tax,High,Ref,Ref,Ref,Ref,2047,Continue Operation,755,29000,0.026034483
121,Carbon Tax,High,Ref,Ref,Ref,Ref,2047,Deploy Carbon Capture,28115,29000,0.969482759
122,Carbon Tax,High,Ref,Ref,Ref,Ref,2047,Shutdown Refinery,130,29000,0.004482759
123,Carbon Tax,High,Ref,Ref,Ref,Ref,2048,Continue Operation,623,30000,0.020766667
124,Carbon Tax,High,Ref,Ref,Ref,Ref,2048,Deploy Carbon Capture,29165,30000,0.972166667
125,Carbon Tax,High,Ref,Ref,Ref,Ref,2048,Shutdown Refinery,212,30000,0.007066667
126,Carbon Tax,High,Ref,Ref,Ref,Ref,2049,Continue Operation,616,31000,0.019870968
127,Carbon Tax,High,Ref,Ref,Ref,Ref,2049,Deploy Carbon Capture,29959,31000,0.966419355
128,Carbon Tax,High,Ref,Ref,Ref,Ref,2049,Shutdown Refinery,425,31000,0.013709677
129,Carbon Tax,High,Ref,Ref,Ref,Ref,2050,Continue Operation,616,32000,0.01925
130,Carbon Tax,High,Ref,Ref,Ref,Ref,2050,Deploy Carbon Capture,24856,32000,0.77675
131,Carbon Tax,High,Ref,Ref,Ref,Ref,2050,Shutdown Refinery,6528,32000,0.204
132,Carbon Tax,Ref,High,Ref,Ref,Ref,2019,Continue Operation,1000,1000,1
133,Carbon Tax,Ref,High,Ref,Ref,Ref,2020,Continue Operation,2000,2000,1
134,Carbon Tax,Ref,High,Ref,Ref,Ref,2021,Continue Operation,3000,3000,1
135,Carbon Tax,Ref,High,Ref,Ref,Ref,2022,Continue Operation,2000,4000,0.5
136,Carbon Tax,Ref,High,Ref,Ref,Ref,2022,Deploy Carbon Capture,2000,4000,0.5
137,Carbon Tax,Ref,High,Ref,Ref,Ref,2023,Continue Operation,2000,5000,0.4
138,Carbon Tax,Ref,High,Ref,Ref,Ref,2023,Deploy Carbon Capture,3000,5000,0.6
139,Carbon Tax,Ref,High,Ref,Ref,Ref,2024,Continue Operation,2000,6000,0.333333333
140,Carbon Tax,Ref,High,Ref,Ref,Ref,2024,Deploy Carbon Capture,4000,6000,0.666666667
141,Carbon Tax,Ref,High,Ref,Ref,Ref,2025,Continue Operation,2000,7000,0.285714286
142,Carbon Tax,Ref,High,Ref,Ref,Ref,2025,Deploy Carbon Capture,5000,7000,0.714285714
143,Carbon Tax,Ref,High,Ref,Ref,Ref,2026,Continue Operation,2000,8000,0.25
144,Carbon Tax,Ref,High,Ref,Ref,Ref,2026,Deploy Carbon Capture,6000,8000,0.75
145,Carbon Tax,Ref,High,Ref,Ref,Ref,2027,Continue Operation,2000,9000,0.222222222
146,Carbon Tax,Ref,High,Ref,Ref,Ref,2027,Deploy Carbon Capture,7000,9000,0.777777778
147,Carbon Tax,Ref,High,Ref,Ref,Ref,2028,Continue Operation,1998,10000,0.1998
148,Carbon Tax,Ref,High,Ref,Ref,Ref,2028,Deploy Carbon Capture,8002,10000,0.8002
149,Carbon Tax,Ref,High,Ref,Ref,Ref,2029,Continue Operation,1998,11000,0.181636364
150,Carbon Tax,Ref,High,Ref,Ref,Ref,2029,Deploy Carbon Capture,9002,11000,0.818363636
151,Carbon Tax,Ref,High,Ref,Ref,Ref,2030,Continue Operation,1998,12000,0.1665
152,Carbon Tax,Ref,High,Ref,Ref,Ref,2030,Deploy Carbon Capture,10002,12000,0.8335
153,Carbon Tax,Ref,High,Ref,Ref,Ref,2031,Continue Operation,1997,13000,0.153615385
154,Carbon Tax,Ref,High,Ref,Ref,Ref,2031,Deploy Carbon Capture,11003,13000,0.846384615
155,Carbon Tax,Ref,High,Ref,Ref,Ref,2032,Continue Operation,1995,14000,0.1425
156,Carbon Tax,Ref,High,Ref,Ref,Ref,2032,Deploy Carbon Capture,12005,14000,0.8575
157,Carbon Tax,Ref,High,Ref,Ref,Ref,2033,Continue Operation,1993,15000,0.132866667
158,Carbon Tax,Ref,High,Ref,Ref,Ref,2033,Deploy Carbon Capture,13007,15000,0.867133333
159,Carbon Tax,Ref,High,Ref,Ref,Ref,2034,Continue Operation,1981,16000,0.1238125
160,Carbon Tax,Ref,High,Ref,Ref,Ref,2034,Deploy Carbon Capture,14019,16000,0.8761875
161,Carbon Tax,Ref,High,Ref,Ref,Ref,2035,Continue Operation,1925,17000,0.113235294
162,Carbon Tax,Ref,High,Ref,Ref,Ref,2035,Deploy Carbon Capture,15075,17000,0.886764706
163,Carbon Tax,Ref,High,Ref,Ref,Ref,2036,Continue Operation,1907,18000,0.105944444
164,Carbon Tax,Ref,High,Ref,Ref,Ref,2036,Deploy Carbon Capture,16093,18000,0.894055556
165,Carbon Tax,Ref,High,Ref,Ref,Ref,2037,Continue Operation,1757,19000,0.092473684
166,Carbon Tax,Ref,High,Ref,Ref,Ref,2037,Deploy Carbon Capture,17243,19000,0.907526316
167,Carbon Tax,Ref,High,Ref,Ref,Ref,2038,Continue Operation,1525,20000,0.07625
168,Carbon Tax,Ref,High,Ref,Ref,Ref,2038,Deploy Carbon Capture,18475,20000,0.92375
169,Carbon Tax,Ref,High,Ref,Ref,Ref,2039,Continue Operation,1197,21000,0.057
170,Carbon Tax,Ref,High,Ref,Ref,Ref,2039,Deploy Carbon Capture,19785,21000,0.942142857
171,Carbon Tax,Ref,High,Ref,Ref,Ref,2039,Shutdown Refinery,18,21000,0.000857143
172,Carbon Tax,Ref,High,Ref,Ref,Ref,2040,Continue Operation,880,22000,0.04
173,Carbon Tax,Ref,High,Ref,Ref,Ref,2040,Deploy Carbon Capture,21020,22000,0.955454545
174,Carbon Tax,Ref,High,Ref,Ref,Ref,2040,Shutdown Refinery,100,22000,0.004545455
175,Carbon Tax,Ref,High,Ref,Ref,Ref,2041,Continue Operation,400,23000,0.017391304
176,Carbon Tax,Ref,High,Ref,Ref,Ref,2041,Deploy Carbon Capture,22238,23000,0.966869565
177,Carbon Tax,Ref,High,Ref,Ref,Ref,2041,Shutdown Refinery,362,23000,0.01573913
178,Carbon Tax,Ref,High,Ref,Ref,Ref,2042,Continue Operation,270,24000,0.01125
179,Carbon Tax,Ref,High,Ref,Ref,Ref,2042,Deploy Carbon Capture,20012,24000,0.833833333
180,Carbon Tax,Ref,High,Ref,Ref,Ref,2042,Shutdown Refinery,3718,24000,0.154916667
181,Carbon Tax,Ref,High,Ref,Ref,Ref,2043,Continue Operation,112,25000,0.00448
182,Carbon Tax,Ref,High,Ref,Ref,Ref,2043,Deploy Carbon Capture,18806,25000,0.75224
183,Carbon Tax,Ref,High,Ref,Ref,Ref,2043,Shutdown Refinery,6082,25000,0.24328
184,Carbon Tax,Ref,High,Ref,Ref,Ref,2044,Continue Operation,68,26000,0.002615385
185,Carbon Tax,Ref,High,Ref,Ref,Ref,2044,Deploy Carbon Capture,14751,26000,0.567346154
186,Carbon Tax,Ref,High,Ref,Ref,Ref,2044,Shutdown Refinery,11181,26000,0.430038462
187,Carbon Tax,Ref,High,Ref,Ref,Ref,2045,Continue Operation,58,27000,0.002148148
188,Carbon Tax,Ref,High,Ref,Ref,Ref,2045,Deploy Carbon Capture,13544,27000,0.50162963
189,Carbon Tax,Ref,High,Ref,Ref,Ref,2045,Shutdown Refinery,13398,27000,0.496222222
190,Carbon Tax,Ref,High,Ref,Ref,Ref,2046,Continue Operation,28,28000,0.001
191,Carbon Tax,Ref,High,Ref,Ref,Ref,2046,Deploy Carbon Capture,12687,28000,0.453107143
192,Carbon Tax,Ref,High,Ref,Ref,Ref,2046,Shutdown Refinery,15285,28000,0.545892857
193,Carbon Tax,Ref,High,Ref,Ref,Ref,2047,Deploy Carbon Capture,11832,29000,0.408
194,Carbon Tax,Ref,High,Ref,Ref,Ref,2047,Shutdown Refinery,17168,29000,0.592
195,Carbon Tax,Ref,High,Ref,Ref,Ref,2048,Deploy Carbon Capture,9473,30000,0.315766667
196,Carbon Tax,Ref,High,Ref,Ref,Ref,2048,Shutdown Refinery,20527,30000,0.684233333
197,Carbon Tax,Ref,High,Ref,Ref,Ref,2049,Deploy Carbon Capture,4243,31000,0.136870968
198,Carbon Tax,Ref,High,Ref,Ref,Ref,2049,Shutdown Refinery,26757,31000,0.863129032
199,Carbon Tax,Ref,High,Ref,Ref,Ref,2050,Shutdown Refinery,32000,32000,1
200,Carbon Tax,Ref,Low,Ref,Ref,Ref,2019,Continue Operation,1000,1000,1
201,Carbon Tax,Ref,Low,Ref,Ref,Ref,2020,Continue Operation,2000,2000,1
202,Carbon Tax,Ref,Low,Ref,Ref,Ref,2021,Continue Operation,3000,3000,1
203,Carbon Tax,Ref,Low,Ref,Ref,Ref,2022,Continue Operation,2001,4000,0.50025
204,Carbon Tax,Ref,Low,Ref,Ref,Ref,2022,Deploy Carbon Capture,1999,4000,0.49975
205,Carbon Tax,Ref,Low,Ref,Ref,Ref,2023,Continue Operation,2001,5000,0.4002
206,Carbon Tax,Ref,Low,Ref,Ref,Ref,2023,Deploy Carbon Capture,2999,5000,0.5998
207,Carbon Tax,Ref,Low,Ref,Ref,Ref,2024,Continue Operation,2001,6000,0.3335
208,Carbon Tax,Ref,Low,Ref,Ref,Ref,2024,Deploy Carbon Capture,3999,6000,0.6665
209,Carbon Tax,Ref,Low,Ref,Ref,Ref,2025,Continue Operation,2001,7000,0.285857143
210,Carbon Tax,Ref,Low,Ref,Ref,Ref,2025,Deploy Carbon Capture,4999,7000,0.714142857
211,Carbon Tax,Ref,Low,Ref,Ref,Ref,2026,Continue Operation,2001,8000,0.250125
212,Carbon Tax,Ref,Low,Ref,Ref,Ref,2026,Deploy Carbon Capture,5999,8000,0.749875
213,Carbon Tax,Ref,Low,Ref,Ref,Ref,2027,Continue Operation,2001,9000,0.222333333
214,Carbon Tax,Ref,Low,Ref,Ref,Ref,2027,Deploy Carbon Capture,6999,9000,0.777666667
215,Carbon Tax,Ref,Low,Ref,Ref,Ref,2028,Continue Operation,1998,10000,0.1998
216,Carbon Tax,Ref,Low,Ref,Ref,Ref,2028,Deploy Carbon Capture,8002,10000,0.8002
217,Carbon Tax,Ref,Low,Ref,Ref,Ref,2029,Continue Operation,1998,11000,0.181636364
218,Carbon Tax,Ref,Low,Ref,Ref,Ref,2029,Deploy Carbon Capture,9002,11000,0.818363636
219,Carbon Tax,Ref,Low,Ref,Ref,Ref,2030,Continue Operation,1998,12000,0.1665
220,Carbon Tax,Ref,Low,Ref,Ref,Ref,2030,Deploy Carbon Capture,10002,12000,0.8335
221,Carbon Tax,Ref,Low,Ref,Ref,Ref,2031,Continue Operation,1994,13000,0.153384615
222,Carbon Tax,Ref,Low,Ref,Ref,Ref,2031,Deploy Carbon Capture,11006,13000,0.846615385
223,Carbon Tax,Ref,Low,Ref,Ref,Ref,2032,Continue Operation,1994,14000,0.142428571
224,Carbon Tax,Ref,Low,Ref,Ref,Ref,2032,Deploy Carbon Capture,12006,14000,0.857571429
225,Carbon Tax,Ref,Low,Ref,Ref,Ref,2033,Continue Operation,1992,15000,0.1328
226,Carbon Tax,Ref,Low,Ref,Ref,Ref,2033,Deploy Carbon Capture,13008,15000,0.8672
227,Carbon Tax,Ref,Low,Ref,Ref,Ref,2034,Continue Operation,1992,16000,0.1245
228,Carbon Tax,Ref,Low,Ref,Ref,Ref,2034,Deploy Carbon Capture,14008,16000,0.8755
229,Carbon Tax,Ref,Low,Ref,Ref,Ref,2035,Continue Operation,1974,17000,0.116117647
230,Carbon Tax,Ref,Low,Ref,Ref,Ref,2035,Deploy Carbon Capture,15026,17000,0.883882353
231,Carbon Tax,Ref,Low,Ref,Ref,Ref,2036,Continue Operation,1962,18000,0.109
232,Carbon Tax,Ref,Low,Ref,Ref,Ref,2036,Deploy Carbon Capture,16038,18000,0.891
233,Carbon Tax,Ref,Low,Ref,Ref,Ref,2037,Continue Operation,1902,19000,0.100105263
234,Carbon Tax,Ref,Low,Ref,Ref,Ref,2037,Deploy Carbon Capture,17098,19000,0.899894737
235,Carbon Tax,Ref,Low,Ref,Ref,Ref,2038,Continue Operation,1762,20000,0.0881
236,Carbon Tax,Ref,Low,Ref,Ref,Ref,2038,Deploy Carbon Capture,18238,20000,0.9119
237,Carbon Tax,Ref,Low,Ref,Ref,Ref,2039,Continue Operation,1432,21000,0.068190476
238,Carbon Tax,Ref,Low,Ref,Ref,Ref,2039,Deploy Carbon Capture,19550,21000,0.930952381
239,Carbon Tax,Ref,Low,Ref,Ref,Ref,2039,Shutdown Refinery,18,21000,0.000857143
240,Carbon Tax,Ref,Low,Ref,Ref,Ref,2040,Continue Operation,1066,22000,0.048454545
241,Carbon Tax,Ref,Low,Ref,Ref,Ref,2040,Deploy Carbon Capture,20835,22000,0.947045455
242,Carbon Tax,Ref,Low,Ref,Ref,Ref,2040,Shutdown Refinery,99,22000,0.0045
243,Carbon Tax,Ref,Low,Ref,Ref,Ref,2041,Continue Operation,472,23000,0.020521739
244,Carbon Tax,Ref,Low,Ref,Ref,Ref,2041,Deploy Carbon Capture,22176,23000,0.964173913
245,Carbon Tax,Ref,Low,Ref,Ref,Ref,2041,Shutdown Refinery,352,23000,0.015304348
246,Carbon Tax,Ref,Low,Ref,Ref,Ref,2042,Continue Operation,290,24000,0.012083333
247,Carbon Tax,Ref,Low,Ref,Ref,Ref,2042,Deploy Carbon Capture,20002,24000,0.833416667
248,Carbon Tax,Ref,Low,Ref,Ref,Ref,2042,Shutdown Refinery,3708,24000,0.1545
249,Carbon Tax,Ref,Low,Ref,Ref,Ref,2043,Continue Operation,102,25000,0.00408
250,Carbon Tax,Ref,Low,Ref,Ref,Ref,2043,Deploy Carbon Capture,18826,25000,0.75304
251,Carbon Tax,Ref,Low,Ref,Ref,Ref,2043,Shutdown Refinery,6072,25000,0.24288
252,Carbon Tax,Ref,Low,Ref,Ref,Ref,2044,Continue Operation,58,26000,0.002230769
253,Carbon Tax,Ref,Low,Ref,Ref,Ref,2044,Deploy Carbon Capture,14783,26000,0.568576923
254,Carbon Tax,Ref,Low,Ref,Ref,Ref,2044,Shutdown Refinery,11159,26000,0.429192308
255,Carbon Tax,Ref,Low,Ref,Ref,Ref,2045,Continue Operation,46,27000,0.001703704
256,Carbon Tax,Ref,Low,Ref,Ref,Ref,2045,Deploy Carbon Capture,13605,27000,0.503888889
257,Carbon Tax,Ref,Low,Ref,Ref,Ref,2045,Shutdown Refinery,13349,27000,0.494407407
258,Carbon Tax,Ref,Low,Ref,Ref,Ref,2046,Continue Operation,28,28000,0.001
259,Carbon Tax,Ref,Low,Ref,Ref,Ref,2046,Deploy Carbon Capture,12780,28000,0.456428571
260,Carbon Tax,Ref,Low,Ref,Ref,Ref,2046,Shutdown Refinery,15192,28000,0.542571429
261,Carbon Tax,Ref,Low,Ref,Ref,Ref,2047,Deploy Carbon Capture,11962,29000,0.412482759
262,Carbon Tax,Ref,Low,Ref,Ref,Ref,2047,Shutdown Refinery,17038,29000,0.587517241
263,Carbon Tax,Ref,Low,Ref,Ref,Ref,2048,Deploy Carbon Capture,9549,30000,0.3183
264,Carbon Tax,Ref,Low,Ref,Ref,Ref,2048,Shutdown Refinery,20451,30000,0.6817
265,Carbon Tax,Ref,Low,Ref,Ref,Ref,2049,Deploy Carbon Capture,4049,31000,0.130612903
266,Carbon Tax,Ref,Low,Ref,Ref,Ref,2049,Shutdown Refinery,26951,31000,0.869387097
267,Carbon Tax,Ref,Low,Ref,Ref,Ref,2050,Shutdown Refinery,32000,32000,1
268,Carbon Tax,Ref,Ref,High,Ref,Ref,2019,Continue Operation,1000,1000,1
269,Carbon Tax,Ref,Ref,High,Ref,Ref,2020,Continue Operation,2000,2000,1
270,Carbon Tax,Ref,Ref,High,Ref,Ref,2021,Continue Operation,3000,3000,1
271,Carbon Tax,Ref,Ref,High,Ref,Ref,2022,Continue Operation,4000,4000,1
272,Carbon Tax,Ref,Ref,High,Ref,Ref,2023,Continue Operation,3000,5000,0.6
273,Carbon Tax,Ref,Ref,High,Ref,Ref,2023,Deploy Carbon Capture,2000,5000,0.4
274,Carbon Tax,Ref,Ref,High,Ref,Ref,2024,Continue Operation,3000,6000,0.5
275,Carbon Tax,Ref,Ref,High,Ref,Ref,2024,Deploy Carbon Capture,3000,6000,0.5
276,Carbon Tax,Ref,Ref,High,Ref,Ref,2025,Continue Operation,3000,7000,0.428571429
277,Carbon Tax,Ref,Ref,High,Ref,Ref,2025,Deploy Carbon Capture,4000,7000,0.571428571
278,Carbon Tax,Ref,Ref,High,Ref,Ref,2026,Continue Operation,3000,8000,0.375
279,Carbon Tax,Ref,Ref,High,Ref,Ref,2026,Deploy Carbon Capture,5000,8000,0.625
280,Carbon Tax,Ref,Ref,High,Ref,Ref,2027,Continue Operation,3000,9000,0.333333333
281,Carbon Tax,Ref,Ref,High,Ref,Ref,2027,Deploy Carbon Capture,6000,9000,0.666666667
282,Carbon Tax,Ref,Ref,High,Ref,Ref,2028,Continue Operation,3000,10000,0.3
283,Carbon Tax,Ref,Ref,High,Ref,Ref,2028,Deploy Carbon Capture,7000,10000,0.7
284,Carbon Tax,Ref,Ref,High,Ref,Ref,2029,Continue Operation,3000,11000,0.272727273
285,Carbon Tax,Ref,Ref,High,Ref,Ref,2029,Deploy Carbon Capture,8000,11000,0.727272727
286,Carbon Tax,Ref,Ref,High,Ref,Ref,2030,Continue Operation,3000,12000,0.25
287,Carbon Tax,Ref,Ref,High,Ref,Ref,2030,Deploy Carbon Capture,9000,12000,0.75
288,Carbon Tax,Ref,Ref,High,Ref,Ref,2031,Continue Operation,2997,13000,0.230538462
289,Carbon Tax,Ref,Ref,High,Ref,Ref,2031,Deploy Carbon Capture,10003,13000,0.769461538
290,Carbon Tax,Ref,Ref,High,Ref,Ref,2032,Continue Operation,2997,14000,0.214071429
291,Carbon Tax,Ref,Ref,High,Ref,Ref,2032,Deploy Carbon Capture,11003,14000,0.785928571
292,Carbon Tax,Ref,Ref,High,Ref,Ref,2033,Continue Operation,2994,15000,0.1996
293,Carbon Tax,Ref,Ref,High,Ref,Ref,2033,Deploy Carbon Capture,12006,15000,0.8004
294,Carbon Tax,Ref,Ref,High,Ref,Ref,2034,Continue Operation,2988,16000,0.18675
295,Carbon Tax,Ref,Ref,High,Ref,Ref,2034,Deploy Carbon Capture,13012,16000,0.81325
296,Carbon Tax,Ref,Ref,High,Ref,Ref,2035,Continue Operation,2949,17000,0.173470588
297,Carbon Tax,Ref,Ref,High,Ref,Ref,2035,Deploy Carbon Capture,14051,17000,0.826529412
298,Carbon Tax,Ref,Ref,High,Ref,Ref,2036,Continue Operation,2934,18000,0.163
299,Carbon Tax,Ref,Ref,High,Ref,Ref,2036,Deploy Carbon Capture,15066,18000,0.837
300,Carbon Tax,Ref,Ref,High,Ref,Ref,2037,Continue Operation,2847,19000,0.149842105
301,Carbon Tax,Ref,Ref,High,Ref,Ref,2037,Deploy Carbon Capture,16153,19000,0.850157895
302,Carbon Tax,Ref,Ref,High,Ref,Ref,2038,Continue Operation,2661,20000,0.13305
303,Carbon Tax,Ref,Ref,High,Ref,Ref,2038,Deploy Carbon Capture,17339,20000,0.86695
304,Carbon Tax,Ref,Ref,High,Ref,Ref,2039,Continue Operation,2247,21000,0.107
305,Carbon Tax,Ref,Ref,High,Ref,Ref,2039,Deploy Carbon Capture,18735,21000,0.892142857
306,Carbon Tax,Ref,Ref,High,Ref,Ref,2039,Shutdown Refinery,18,21000,0.000857143
307,Carbon Tax,Ref,Ref,High,Ref,Ref,2040,Continue Operation,1764,22000,0.080181818
308,Carbon Tax,Ref,Ref,High,Ref,Ref,2040,Deploy Carbon Capture,20136,22000,0.915272727
309,Carbon Tax,Ref,Ref,High,Ref,Ref,2040,Shutdown Refinery,100,22000,0.004545455
310,Carbon Tax,Ref,Ref,High,Ref,Ref,2041,Continue Operation,957,23000,0.041608696
311,Carbon Tax,Ref,Ref,High,Ref,Ref,2041,Deploy Carbon Capture,21674,23000,0.942347826
312,Carbon Tax,Ref,Ref,High,Ref,Ref,2041,Shutdown Refinery,369,23000,0.016043478
313,Carbon Tax,Ref,Ref,High,Ref,Ref,2042,Continue Operation,645,24000,0.026875
314,Carbon Tax,Ref,Ref,High,Ref,Ref,2042,Deploy Carbon Capture,19528,24000,0.813666667
315,Carbon Tax,Ref,Ref,High,Ref,Ref,2042,Shutdown Refinery,3827,24000,0.159458333
316,Carbon Tax,Ref,Ref,High,Ref,Ref,2043,Continue Operation,294,25000,0.01176
317,Carbon Tax,Ref,Ref,High,Ref,Ref,2043,Deploy Carbon Capture,18504,25000,0.74016
318,Carbon Tax,Ref,Ref,High,Ref,Ref,2043,Shutdown Refinery,6202,25000,0.24808
319,Carbon Tax,Ref,Ref,High,Ref,Ref,2044,Continue Operation,186,26000,0.007153846
320,Carbon Tax,Ref,Ref,High,Ref,Ref,2044,Deploy Carbon Capture,14346,26000,0.551769231
321,Carbon Tax,Ref,Ref,High,Ref,Ref,2044,Shutdown Refinery,11468,26000,0.441076923
322,Carbon Tax,Ref,Ref,High,Ref,Ref,2045,Continue Operation,135,27000,0.005
323,Carbon Tax,Ref,Ref,High,Ref,Ref,2045,Deploy Carbon Capture,12921,27000,0.478555556
324,Carbon Tax,Ref,Ref,High,Ref,Ref,2045,Shutdown Refinery,13944,27000,0.516444444
325,Carbon Tax,Ref,Ref,High,Ref,Ref,2046,Continue Operation,42,28000,0.0015
326,Carbon Tax,Ref,Ref,High,Ref,Ref,2046,Deploy Carbon Capture,11695,28000,0.417678571
327,Carbon Tax,Ref,Ref,High,Ref,Ref,2046,Shutdown Refinery,16263,28000,0.580821429
328,Carbon Tax,Ref,Ref,High,Ref,Ref,2047,Deploy Carbon Capture,10130,29000,0.349310345
329,Carbon Tax,Ref,Ref,High,Ref,Ref,2047,Shutdown Refinery,18870,29000,0.650689655
330,Carbon Tax,Ref,Ref,High,Ref,Ref,2048,Deploy Carbon Capture,7376,30000,0.245866667
331,Carbon Tax,Ref,Ref,High,Ref,Ref,2048,Shutdown Refinery,22624,30000,0.754133333
332,Carbon Tax,Ref,Ref,High,Ref,Ref,2049,Deploy Carbon Capture,2410,31000,0.077741935
333,Carbon Tax,Ref,Ref,High,Ref,Ref,2049,Shutdown Refinery,28590,31000,0.922258065
334,Carbon Tax,Ref,Ref,High,Ref,Ref,2050,Shutdown Refinery,32000,32000,1
335,Carbon Tax,Ref,Ref,Low,Ref,Ref,2019,Continue Operation,1000,1000,1
336,Carbon Tax,Ref,Ref,Low,Ref,Ref,2020,Continue Operation,2000,2000,1
337,Carbon Tax,Ref,Ref,Low,Ref,Ref,2021,Continue Operation,3000,3000,1
338,Carbon Tax,Ref,Ref,Low,Ref,Ref,2022,Continue Operation,2000,4000,0.5
339,Carbon Tax,Ref,Ref,Low,Ref,Ref,2022,Deploy Carbon Capture,2000,4000,0.5
340,Carbon Tax,Ref,Ref,Low,Ref,Ref,2023,Continue Operation,2000,5000,0.4
341,Carbon Tax,Ref,Ref,Low,Ref,Ref,2023,Deploy Carbon Capture,3000,5000,0.6
342,Carbon Tax,Ref,Ref,Low,Ref,Ref,2024,Continue Operation,2000,6000,0.333333333
343,Carbon Tax,Ref,Ref,Low,Ref,Ref,2024,Deploy Carbon Capture,4000,6000,0.666666667
344,Carbon Tax,Ref,Ref,Low,Ref,Ref,2025,Continue Operation,2000,7000,0.285714286
345,Carbon Tax,Ref,Ref,Low,Ref,Ref,2025,Deploy Carbon Capture,5000,7000,0.714285714
346,Carbon Tax,Ref,Ref,Low,Ref,Ref,2026,Continue Operation,2000,8000,0.25
347,Carbon Tax,Ref,Ref,Low,Ref,Ref,2026,Deploy Carbon Capture,6000,8000,0.75
348,Carbon Tax,Ref,Ref,Low,Ref,Ref,2027,Continue Operation,2000,9000,0.222222222
349,Carbon Tax,Ref,Ref,Low,Ref,Ref,2027,Deploy Carbon Capture,7000,9000,0.777777778
350,Carbon Tax,Ref,Ref,Low,Ref,Ref,2028,Continue Operation,2000,10000,0.2
351,Carbon Tax,Ref,Ref,Low,Ref,Ref,2028,Deploy Carbon Capture,8000,10000,0.8
352,Carbon Tax,Ref,Ref,Low,Ref,Ref,2029,Continue Operation,2000,11000,0.181818182
353,Carbon Tax,Ref,Ref,Low,Ref,Ref,2029,Deploy Carbon Capture,9000,11000,0.818181818
354,Carbon Tax,Ref,Ref,Low,Ref,Ref,2030,Continue Operation,2000,12000,0.166666667
355,Carbon Tax,Ref,Ref,Low,Ref,Ref,2030,Deploy Carbon Capture,10000,12000,0.833333333
356,Carbon Tax,Ref,Ref,Low,Ref,Ref,2031,Continue Operation,2000,13000,0.153846154
357,Carbon Tax,Ref,Ref,Low,Ref,Ref,2031,Deploy Carbon Capture,11000,13000,0.846153846
358,Carbon Tax,Ref,Ref,Low,Ref,Ref,2032,Continue Operation,2000,14000,0.142857143
359,Carbon Tax,Ref,Ref,Low,Ref,Ref,2032,Deploy Carbon Capture,12000,14000,0.857142857
360,Carbon Tax,Ref,Ref,Low,Ref,Ref,2033,Continue Operation,1996,15000,0.133066667
361,Carbon Tax,Ref,Ref,Low,Ref,Ref,2033,Deploy Carbon Capture,13004,15000,0.866933333
362,Carbon Tax,Ref,Ref,Low,Ref,Ref,2034,Continue Operation,1989,16000,0.1243125
363,Carbon Tax,Ref,Ref,Low,Ref,Ref,2034,Deploy Carbon Capture,14011,16000,0.8756875
364,Carbon Tax,Ref,Ref,Low,Ref,Ref,2035,Continue Operation,1932,17000,0.113647059
365,Carbon Tax,Ref,Ref,Low,Ref,Ref,2035,Deploy Carbon Capture,15068,17000,0.886352941
366,Carbon Tax,Ref,Ref,Low,Ref,Ref,2036,Continue Operation,1910,18000,0.106111111
367,Carbon Tax,Ref,Ref,Low,Ref,Ref,2036,Deploy Carbon Capture,16090,18000,0.893888889
368,Carbon Tax,Ref,Ref,Low,Ref,Ref,2037,Continue Operation,1758,19000,0.092526316
369,Carbon Tax,Ref,Ref,Low,Ref,Ref,2037,Deploy Carbon Capture,17242,19000,0.907473684
370,Carbon Tax,Ref,Ref,Low,Ref,Ref,2038,Continue Operation,1506,20000,0.0753
371,Carbon Tax,Ref,Ref,Low,Ref,Ref,2038,Deploy Carbon Capture,18494,20000,0.9247
372,Carbon Tax,Ref,Ref,Low,Ref,Ref,2039,Continue Operation,1134,21000,0.054
373,Carbon Tax,Ref,Ref,Low,Ref,Ref,2039,Deploy Carbon Capture,19848,21000,0.945142857
374,Carbon Tax,Ref,Ref,Low,Ref,Ref,2039,Shutdown Refinery,18,21000,0.000857143
375,Carbon Tax,Ref,Ref,Low,Ref,Ref,2040,Continue Operation,760,22000,0.034545455
376,Carbon Tax,Ref,Ref,Low,Ref,Ref,2040,Deploy Carbon Capture,21141,22000,0.960954545
377,Carbon Tax,Ref,Ref,Low,Ref,Ref,2040,Shutdown Refinery,99,22000,0.0045
378,Carbon Tax,Ref,Ref,Low,Ref,Ref,2041,Continue Operation,290,23000,0.012608696
379,Carbon Tax,Ref,Ref,Low,Ref,Ref,2041,Deploy Carbon Capture,22361,23000,0.972217391
380,Carbon Tax,Ref,Ref,Low,Ref,Ref,2041,Shutdown Refinery,349,23000,0.015173913
381,Carbon Tax,Ref,Ref,Low,Ref,Ref,2042,Continue Operation,164,24000,0.006833333
382,Carbon Tax,Ref,Ref,Low,Ref,Ref,2042,Deploy Carbon Capture,20132,24000,0.838833333
383,Carbon Tax,Ref,Ref,Low,Ref,Ref,2042,Shutdown Refinery,3704,24000,0.154333333
384,Carbon Tax,Ref,Ref,Low,Ref,Ref,2043,Continue Operation,60,25000,0.0024
385,Carbon Tax,Ref,Ref,Low,Ref,Ref,2043,Deploy Carbon Capture,18876,25000,0.75504
386,Carbon Tax,Ref,Ref,Low,Ref,Ref,2043,Shutdown Refinery,6064,25000,0.24256
387,Carbon Tax,Ref,Ref,Low,Ref,Ref,2044,Continue Operation,28,26000,0.001076923
388,Carbon Tax,Ref,Ref,Low,Ref,Ref,2044,Deploy Carbon Capture,14839,26000,0.570730769
389,Carbon Tax,Ref,Ref,Low,Ref,Ref,2044,Shutdown Refinery,11133,26000,0.428192308
390,Carbon Tax,Ref,Ref,Low,Ref,Ref,2045,Continue Operation,20,27000,0.000740741
391,Carbon Tax,Ref,Ref,Low,Ref,Ref,2045,Deploy Carbon Capture,13699,27000,0.50737037
392,Carbon Tax,Ref,Ref,Low,Ref,Ref,2045,Shutdown Refinery,13281,27000,0.491888889
393,Carbon Tax,Ref,Ref,Low,Ref,Ref,2046,Continue Operation,18,28000,0.000642857
394,Carbon Tax,Ref,Ref,Low,Ref,Ref,2046,Deploy Carbon Capture,13183,28000,0.470821429
395,Carbon Tax,Ref,Ref,Low,Ref,Ref,2046,Shutdown Refinery,14799,28000,0.528535714
396,Carbon Tax,Ref,Ref,Low,Ref,Ref,2047,Deploy Carbon Capture,12553,29000,0.432862069
397,Carbon Tax,Ref,Ref,Low,Ref,Ref,2047,Shutdown Refinery,16447,29000,0.567137931
398,Carbon Tax,Ref,Ref,Low,Ref,Ref,2048,Deploy Carbon Capture,11378,30000,0.379266667
399,Carbon Tax,Ref,Ref,Low,Ref,Ref,2048,Shutdown Refinery,18622,30000,0.620733333
400,Carbon Tax,Ref,Ref,Low,Ref,Ref,2049,Deploy Carbon Capture,6022,31000,0.194258065
401,Carbon Tax,Ref,Ref,Low,Ref,Ref,2049,Shutdown Refinery,24978,31000,0.805741935
402,Carbon Tax,Ref,Ref,Low,Ref,Ref,2050,Shutdown Refinery,32000,32000,1
403,Carbon Tax,Ref,Ref,Ref,High,Ref,2019,Continue Operation,1000,1000,1
404,Carbon Tax,Ref,Ref,Ref,High,Ref,2020,Continue Operation,2000,2000,1
405,Carbon Tax,Ref,Ref,Ref,High,Ref,2021,Continue Operation,2000,3000,0.666666667
406,Carbon Tax,Ref,Ref,Ref,High,Ref,2021,Deploy Carbon Capture,1000,3000,0.333333333
407,Carbon Tax,Ref,Ref,Ref,High,Ref,2022,Continue Operation,2000,4000,0.5
408,Carbon Tax,Ref,Ref,Ref,High,Ref,2022,Deploy Carbon Capture,2000,4000,0.5
409,Carbon Tax,Ref,Ref,Ref,High,Ref,2023,Continue Operation,2000,5000,0.4
410,Carbon Tax,Ref,Ref,Ref,High,Ref,2023,Deploy Carbon Capture,3000,5000,0.6
411,Carbon Tax,Ref,Ref,Ref,High,Ref,2024,Continue Operation,2000,6000,0.333333333
412,Carbon Tax,Ref,Ref,Ref,High,Ref,2024,Deploy Carbon Capture,4000,6000,0.666666667
413,Carbon Tax,Ref,Ref,Ref,High,Ref,2025,Continue Operation,2000,7000,0.285714286
414,Carbon Tax,Ref,Ref,Ref,High,Ref,2025,Deploy Carbon Capture,5000,7000,0.714285714
415,Carbon Tax,Ref,Ref,Ref,High,Ref,2026,Continue Operation,2000,8000,0.25
416,Carbon Tax,Ref,Ref,Ref,High,Ref,2026,Deploy Carbon Capture,6000,8000,0.75
417,Carbon Tax,Ref,Ref,Ref,High,Ref,2027,Continue Operation,2000,9000,0.222222222
418,Carbon Tax,Ref,Ref,Ref,High,Ref,2027,Deploy Carbon Capture,7000,9000,0.777777778
419,Carbon Tax,Ref,Ref,Ref,High,Ref,2028,Continue Operation,1998,10000,0.1998
420,Carbon Tax,Ref,Ref,Ref,High,Ref,2028,Deploy Carbon Capture,8002,10000,0.8002
421,Carbon Tax,Ref,Ref,Ref,High,Ref,2029,Continue Operation,1997,11000,0.181545455
422,Carbon Tax,Ref,Ref,Ref,High,Ref,2029,Deploy Carbon Capture,9003,11000,0.818454545
423,Carbon Tax,Ref,Ref,Ref,High,Ref,2030,Continue Operation,1973,12000,0.164416667
424,Carbon Tax,Ref,Ref,Ref,High,Ref,2030,Deploy Carbon Capture,10027,12000,0.835583333
425,Carbon Tax,Ref,Ref,Ref,High,Ref,2031,Continue Operation,1880,13000,0.144615385
426,Carbon Tax,Ref,Ref,Ref,High,Ref,2031,Deploy Carbon Capture,11120,13000,0.855384615
427,Carbon Tax,Ref,Ref,Ref,High,Ref,2032,Continue Operation,1477,14000,0.1055
428,Carbon Tax,Ref,Ref,Ref,High,Ref,2032,Deploy Carbon Capture,12523,14000,0.8945
429,Carbon Tax,Ref,Ref,Ref,High,Ref,2033,Continue Operation,1402,15000,0.093466667
430,Carbon Tax,Ref,Ref,Ref,High,Ref,2033,Deploy Carbon Capture,13598,15000,0.906533333
431,Carbon Tax,Ref,Ref,Ref,High,Ref,2034,Continue Operation,1064,16000,0.0665
432,Carbon Tax,Ref,Ref,Ref,High,Ref,2034,Deploy Carbon Capture,14936,16000,0.9335
433,Carbon Tax,Ref,Ref,Ref,High,Ref,2035,Continue Operation,500,17000,0.029411765
434,Carbon Tax,Ref,Ref,Ref,High,Ref,2035,Deploy Carbon Capture,16500,17000,0.970588235
435,Carbon Tax,Ref,Ref,Ref,High,Ref,2036,Continue Operation,476,18000,0.026444444
436,Carbon Tax,Ref,Ref,Ref,High,Ref,2036,Deploy Carbon Capture,17426,18000,0.968111111
437,Carbon Tax,Ref,Ref,Ref,High,Ref,2036,Shutdown Refinery,98,18000,0.005444444
438,Carbon Tax,Ref,Ref,Ref,High,Ref,2037,Continue Operation,238,19000,0.012526316
439,Carbon Tax,Ref,Ref,Ref,High,Ref,2037,Deploy Carbon Capture,18634,19000,0.980736842
440,Carbon Tax,Ref,Ref,Ref,High,Ref,2037,Shutdown Refinery,128,19000,0.006736842
441,Carbon Tax,Ref,Ref,Ref,High,Ref,2038,Continue Operation,115,20000,0.00575
442,Carbon Tax,Ref,Ref,Ref,High,Ref,2038,Deploy Carbon Capture,19354,20000,0.9677
443,Carbon Tax,Ref,Ref,Ref,High,Ref,2038,Shutdown Refinery,531,20000,0.02655
444,Carbon Tax,Ref,Ref,Ref,High,Ref,2039,Continue Operation,42,21000,0.002
445,Carbon Tax,Ref,Ref,Ref,High,Ref,2039,Deploy Carbon Capture,19221,21000,0.915285714
446,Carbon Tax,Ref,Ref,Ref,High,Ref,2039,Shutdown Refinery,1737,21000,0.082714286
447,Carbon Tax,Ref,Ref,Ref,High,Ref,2040,Continue Operation,12,22000,0.000545455
448,Carbon Tax,Ref,Ref,Ref,High,Ref,2040,Deploy Carbon Capture,17370,22000,0.789545455
449,Carbon Tax,Ref,Ref,Ref,High,Ref,2040,Shutdown Refinery,4618,22000,0.209909091
450,Carbon Tax,Ref,Ref,Ref,High,Ref,2041,Continue Operation,2,23000,8.70E-05
451,Carbon Tax,Ref,Ref,Ref,High,Ref,2041,Deploy Carbon Capture,15238,23000,0.662521739
452,Carbon Tax,Ref,Ref,Ref,High,Ref,2041,Shutdown Refinery,7760,23000,0.337391304
453,Carbon Tax,Ref,Ref,Ref,High,Ref,2042,Deploy Carbon Capture,12740,24000,0.530833333
454,Carbon Tax,Ref,Ref,Ref,High,Ref,2042,Shutdown Refinery,11260,24000,0.469166667
455,Carbon Tax,Ref,Ref,Ref,High,Ref,2043,Deploy Carbon Capture,12542,25000,0.50168
456,Carbon Tax,Ref,Ref,Ref,High,Ref,2043,Shutdown Refinery,12458,25000,0.49832
457,Carbon Tax,Ref,Ref,Ref,High,Ref,2044,Deploy Carbon Capture,12410,26000,0.477307692
458,Carbon Tax,Ref,Ref,Ref,High,Ref,2044,Shutdown Refinery,13590,26000,0.522692308
459,Carbon Tax,Ref,Ref,Ref,High,Ref,2045,Deploy Carbon Capture,12410,27000,0.45962963
460,Carbon Tax,Ref,Ref,Ref,High,Ref,2045,Shutdown Refinery,14590,27000,0.54037037
461,Carbon Tax,Ref,Ref,Ref,High,Ref,2046,Deploy Carbon Capture,12410,28000,0.443214286
462,Carbon Tax,Ref,Ref,Ref,High,Ref,2046,Shutdown Refinery,15590,28000,0.556785714
463,Carbon Tax,Ref,Ref,Ref,High,Ref,2047,Deploy Carbon Capture,12410,29000,0.427931034
464,Carbon Tax,Ref,Ref,Ref,High,Ref,2047,Shutdown Refinery,16590,29000,0.572068966
465,Carbon Tax,Ref,Ref,Ref,High,Ref,2048,Deploy Carbon Capture,12366,30000,0.4122
466,Carbon Tax,Ref,Ref,Ref,High,Ref,2048,Shutdown Refinery,17634,30000,0.5878
467,Carbon Tax,Ref,Ref,Ref,High,Ref,2049,Deploy Carbon Capture,11665,31000,0.376290323
468,Carbon Tax,Ref,Ref,Ref,High,Ref,2049,Shutdown Refinery,19335,31000,0.623709677
469,Carbon Tax,Ref,Ref,Ref,High,Ref,2050,Shutdown Refinery,32000,32000,1
470,Carbon Tax,Ref,Ref,Ref,Low,Ref,2019,Continue Operation,1000,1000,1
471,Carbon Tax,Ref,Ref,Ref,Low,Ref,2020,Continue Operation,2000,2000,1
472,Carbon Tax,Ref,Ref,Ref,Low,Ref,2021,Continue Operation,3000,3000,1
473,Carbon Tax,Ref,Ref,Ref,Low,Ref,2022,Continue Operation,4000,4000,1
474,Carbon Tax,Ref,Ref,Ref,Low,Ref,2023,Continue Operation,5000,5000,1
475,Carbon Tax,Ref,Ref,Ref,Low,Ref,2024,Continue Operation,6000,6000,1
476,Carbon Tax,Ref,Ref,Ref,Low,Ref,2025,Continue Operation,7000,7000,1
477,Carbon Tax,Ref,Ref,Ref,Low,Ref,2026,Continue Operation,8000,8000,1
478,Carbon Tax,Ref,Ref,Ref,Low,Ref,2027,Continue Operation,9000,9000,1
479,Carbon Tax,Ref,Ref,Ref,Low,Ref,2028,Continue Operation,10000,10000,1
480,Carbon Tax,Ref,Ref,Ref,Low,Ref,2029,Continue Operation,10995,11000,0.999545455
481,Carbon Tax,Ref,Ref,Ref,Low,Ref,2029,Deploy Carbon Capture,5,11000,0.000454545
482,Carbon Tax,Ref,Ref,Ref,Low,Ref,2030,Continue Operation,11940,12000,0.995
483,Carbon Tax,Ref,Ref,Ref,Low,Ref,2030,Deploy Carbon Capture,60,12000,0.005
484,Carbon Tax,Ref,Ref,Ref,Low,Ref,2031,Continue Operation,12774,13000,0.982615385
485,Carbon Tax,Ref,Ref,Ref,Low,Ref,2031,Deploy Carbon Capture,226,13000,0.017384615
486,Carbon Tax,Ref,Ref,Ref,Low,Ref,2032,Continue Operation,13444,14000,0.960285714
487,Carbon Tax,Ref,Ref,Ref,Low,Ref,2032,Deploy Carbon Capture,556,14000,0.039714286
488,Carbon Tax,Ref,Ref,Ref,Low,Ref,2033,Continue Operation,13819,15000,0.921266667
489,Carbon Tax,Ref,Ref,Ref,Low,Ref,2033,Deploy Carbon Capture,1181,15000,0.078733333
490,Carbon Tax,Ref,Ref,Ref,Low,Ref,2034,Continue Operation,13967,16000,0.8729375
491,Carbon Tax,Ref,Ref,Ref,Low,Ref,2034,Deploy Carbon Capture,2033,16000,0.1270625
492,Carbon Tax,Ref,Ref,Ref,Low,Ref,2035,Continue Operation,13691,17000,0.805352941
493,Carbon Tax,Ref,Ref,Ref,Low,Ref,2035,Deploy Carbon Capture,3309,17000,0.194647059
494,Carbon Tax,Ref,Ref,Ref,Low,Ref,2036,Continue Operation,13311,18000,0.7395
495,Carbon Tax,Ref,Ref,Ref,Low,Ref,2036,Deploy Carbon Capture,4689,18000,0.2605
496,Carbon Tax,Ref,Ref,Ref,Low,Ref,2037,Continue Operation,12828,19000,0.675157895
497,Carbon Tax,Ref,Ref,Ref,Low,Ref,2037,Deploy Carbon Capture,6172,19000,0.324842105
498,Carbon Tax,Ref,Ref,Ref,Low,Ref,2038,Continue Operation,12233,20000,0.61165
499,Carbon Tax,Ref,Ref,Ref,Low,Ref,2038,Deploy Carbon Capture,7767,20000,0.38835
500,Carbon Tax,Ref,Ref,Ref,Low,Ref,2039,Continue Operation,11878,21000,0.565619048
501,Carbon Tax,Ref,Ref,Ref,Low,Ref,2039,Deploy Carbon Capture,9122,21000,0.434380952
502,Carbon Tax,Ref,Ref,Ref,Low,Ref,2040,Continue Operation,11424,22000,0.519272727
503,Carbon Tax,Ref,Ref,Ref,Low,Ref,2040,Deploy Carbon Capture,10576,22000,0.480727273
504,Carbon Tax,Ref,Ref,Ref,Low,Ref,2041,Continue Operation,10978,23000,0.477304348
505,Carbon Tax,Ref,Ref,Ref,Low,Ref,2041,Deploy Carbon Capture,12022,23000,0.522695652
506,Carbon Tax,Ref,Ref,Ref,Low,Ref,2042,Continue Operation,10536,24000,0.439
507,Carbon Tax,Ref,Ref,Ref,Low,Ref,2042,Deploy Carbon Capture,13464,24000,0.561
508,Carbon Tax,Ref,Ref,Ref,Low,Ref,2043,Continue Operation,10212,25000,0.40848
509,Carbon Tax,Ref,Ref,Ref,Low,Ref,2043,Deploy Carbon Capture,14788,25000,0.59152
510,Carbon Tax,Ref,Ref,Ref,Low,Ref,2044,Continue Operation,9984,26000,0.384
511,Carbon Tax,Ref,Ref,Ref,Low,Ref,2044,Deploy Carbon Capture,15938,26000,0.613
512,Carbon Tax,Ref,Ref,Ref,Low,Ref,2044,Shutdown Refinery,78,26000,0.003
513,Carbon Tax,Ref,Ref,Ref,Low,Ref,2045,Continue Operation,9739,27000,0.360703704
514,Carbon Tax,Ref,Ref,Ref,Low,Ref,2045,Deploy Carbon Capture,16927,27000,0.626925926
515,Carbon Tax,Ref,Ref,Ref,Low,Ref,2045,Shutdown Refinery,334,27000,0.01237037
516,Carbon Tax,Ref,Ref,Ref,Low,Ref,2046,Continue Operation,9418,28000,0.336357143
517,Carbon Tax,Ref,Ref,Ref,Low,Ref,2046,Deploy Carbon Capture,16861,28000,0.602178571
518,Carbon Tax,Ref,Ref,Ref,Low,Ref,2046,Shutdown Refinery,1721,28000,0.061464286
519,Carbon Tax,Ref,Ref,Ref,Low,Ref,2047,Continue Operation,7578,29000,0.261310345
520,Carbon Tax,Ref,Ref,Ref,Low,Ref,2047,Deploy Carbon Capture,13220,29000,0.455862069
521,Carbon Tax,Ref,Ref,Ref,Low,Ref,2047,Shutdown Refinery,8202,29000,0.282827586
522,Carbon Tax,Ref,Ref,Ref,Low,Ref,2048,Continue Operation,3195,30000,0.1065
523,Carbon Tax,Ref,Ref,Ref,Low,Ref,2048,Deploy Carbon Capture,4600,30000,0.153333333
524,Carbon Tax,Ref,Ref,Ref,Low,Ref,2048,Shutdown Refinery,22205,30000,0.740166667
525,Carbon Tax,Ref,Ref,Ref,Low,Ref,2049,Continue Operation,695,31000,0.022419355
526,Carbon Tax,Ref,Ref,Ref,Low,Ref,2049,Deploy Carbon Capture,421,31000,0.013580645
527,Carbon Tax,Ref,Ref,Ref,Low,Ref,2049,Shutdown Refinery,29884,31000,0.964
528,Carbon Tax,Ref,Ref,Ref,Low,Ref,2050,Shutdown Refinery,32000,32000,1
529,Carbon Tax,Ref,Ref,Ref,Ref,High,2019,Continue Operation,1000,1000,1
530,Carbon Tax,Ref,Ref,Ref,Ref,High,2020,Continue Operation,2000,2000,1
531,Carbon Tax,Ref,Ref,Ref,Ref,High,2021,Continue Operation,3000,3000,1
532,Carbon Tax,Ref,Ref,Ref,Ref,High,2022,Continue Operation,2000,4000,0.5
533,Carbon Tax,Ref,Ref,Ref,Ref,High,2022,Deploy Carbon Capture,2000,4000,0.5
534,Carbon Tax,Ref,Ref,Ref,Ref,High,2023,Continue Operation,2000,5000,0.4
535,Carbon Tax,Ref,Ref,Ref,Ref,High,2023,Deploy Carbon Capture,3000,5000,0.6
536,Carbon Tax,Ref,Ref,Ref,Ref,High,2024,Continue Operation,2000,6000,0.333333333
537,Carbon Tax,Ref,Ref,Ref,Ref,High,2024,Deploy Carbon Capture,4000,6000,0.666666667
538,Carbon Tax,Ref,Ref,Ref,Ref,High,2025,Continue Operation,2000,7000,0.285714286
539,Carbon Tax,Ref,Ref,Ref,Ref,High,2025,Deploy Carbon Capture,5000,7000,0.714285714
540,Carbon Tax,Ref,Ref,Ref,Ref,High,2026,Continue Operation,2000,8000,0.25
541,Carbon Tax,Ref,Ref,Ref,Ref,High,2026,Deploy Carbon Capture,6000,8000,0.75
542,Carbon Tax,Ref,Ref,Ref,Ref,High,2027,Continue Operation,2000,9000,0.222222222
543,Carbon Tax,Ref,Ref,Ref,Ref,High,2027,Deploy Carbon Capture,7000,9000,0.777777778
544,Carbon Tax,Ref,Ref,Ref,Ref,High,2028,Continue Operation,1998,10000,0.1998
545,Carbon Tax,Ref,Ref,Ref,Ref,High,2028,Deploy Carbon Capture,8002,10000,0.8002
546,Carbon Tax,Ref,Ref,Ref,Ref,High,2029,Continue Operation,1998,11000,0.181636364
547,Carbon Tax,Ref,Ref,Ref,Ref,High,2029,Deploy Carbon Capture,9002,11000,0.818363636
548,Carbon Tax,Ref,Ref,Ref,Ref,High,2030,Continue Operation,1998,12000,0.1665
549,Carbon Tax,Ref,Ref,Ref,Ref,High,2030,Deploy Carbon Capture,10002,12000,0.8335
550,Carbon Tax,Ref,Ref,Ref,Ref,High,2031,Continue Operation,1998,13000,0.153692308
551,Carbon Tax,Ref,Ref,Ref,Ref,High,2031,Deploy Carbon Capture,11002,13000,0.846307692
552,Carbon Tax,Ref,Ref,Ref,Ref,High,2032,Continue Operation,1998,14000,0.142714286
553,Carbon Tax,Ref,Ref,Ref,Ref,High,2032,Deploy Carbon Capture,12002,14000,0.857285714
554,Carbon Tax,Ref,Ref,Ref,Ref,High,2033,Continue Operation,1996,15000,0.133066667
555,Carbon Tax,Ref,Ref,Ref,Ref,High,2033,Deploy Carbon Capture,13004,15000,0.866933333
556,Carbon Tax,Ref,Ref,Ref,Ref,High,2034,Continue Operation,1994,16000,0.124625
557,Carbon Tax,Ref,Ref,Ref,Ref,High,2034,Deploy Carbon Capture,14006,16000,0.875375
558,Carbon Tax,Ref,Ref,Ref,Ref,High,2035,Continue Operation,1974,17000,0.116117647
559,Carbon Tax,Ref,Ref,Ref,Ref,High,2035,Deploy Carbon Capture,15026,17000,0.883882353
560,Carbon Tax,Ref,Ref,Ref,Ref,High,2036,Continue Operation,1964,18000,0.109111111
561,Carbon Tax,Ref,Ref,Ref,Ref,High,2036,Deploy Carbon Capture,16036,18000,0.890888889
562,Carbon Tax,Ref,Ref,Ref,Ref,High,2037,Continue Operation,1906,19000,0.100315789
563,Carbon Tax,Ref,Ref,Ref,Ref,High,2037,Deploy Carbon Capture,17094,19000,0.899684211
564,Carbon Tax,Ref,Ref,Ref,Ref,High,2038,Continue Operation,1778,20000,0.0889
565,Carbon Tax,Ref,Ref,Ref,Ref,High,2038,Deploy Carbon Capture,18222,20000,0.9111
566,Carbon Tax,Ref,Ref,Ref,Ref,High,2039,Continue Operation,1498,21000,0.071333333
567,Carbon Tax,Ref,Ref,Ref,Ref,High,2039,Deploy Carbon Capture,19484,21000,0.927809524
568,Carbon Tax,Ref,Ref,Ref,Ref,High,2039,Shutdown Refinery,18,21000,0.000857143
569,Carbon Tax,Ref,Ref,Ref,Ref,High,2040,Continue Operation,1162,22000,0.052818182
570,Carbon Tax,Ref,Ref,Ref,Ref,High,2040,Deploy Carbon Capture,20738,22000,0.942636364
571,Carbon Tax,Ref,Ref,Ref,Ref,High,2040,Shutdown Refinery,100,22000,0.004545455
572,Carbon Tax,Ref,Ref,Ref,Ref,High,2041,Continue Operation,622,23000,0.027043478
573,Carbon Tax,Ref,Ref,Ref,Ref,High,2041,Deploy Carbon Capture,22004,23000,0.956695652
574,Carbon Tax,Ref,Ref,Ref,Ref,High,2041,Shutdown Refinery,374,23000,0.01626087
575,Carbon Tax,Ref,Ref,Ref,Ref,High,2042,Continue Operation,412,24000,0.017166667
576,Carbon Tax,Ref,Ref,Ref,Ref,High,2042,Deploy Carbon Capture,19676,24000,0.819833333
577,Carbon Tax,Ref,Ref,Ref,Ref,High,2042,Shutdown Refinery,3912,24000,0.163
578,Carbon Tax,Ref,Ref,Ref,Ref,High,2043,Continue Operation,192,25000,0.00768
579,Carbon Tax,Ref,Ref,Ref,Ref,High,2043,Deploy Carbon Capture,18490,25000,0.7396
580,Carbon Tax,Ref,Ref,Ref,Ref,High,2043,Shutdown Refinery,6318,25000,0.25272
581,Carbon Tax,Ref,Ref,Ref,Ref,High,2044,Continue Operation,150,26000,0.005769231
582,Carbon Tax,Ref,Ref,Ref,Ref,High,2044,Deploy Carbon Capture,14117,26000,0.542961538
583,Carbon Tax,Ref,Ref,Ref,Ref,High,2044,Shutdown Refinery,11733,26000,0.451269231
584,Carbon Tax,Ref,Ref,Ref,Ref,High,2045,Continue Operation,98,27000,0.00362963
585,Carbon Tax,Ref,Ref,Ref,Ref,High,2045,Deploy Carbon Capture,12101,27000,0.448185185
586,Carbon Tax,Ref,Ref,Ref,Ref,High,2045,Shutdown Refinery,14801,27000,0.548185185
587,Carbon Tax,Ref,Ref,Ref,Ref,High,2046,Continue Operation,28,28000,0.001
588,Carbon Tax,Ref,Ref,Ref,Ref,High,2046,Deploy Carbon Capture,10229,28000,0.365321429
589,Carbon Tax,Ref,Ref,Ref,Ref,High,2046,Shutdown Refinery,17743,28000,0.633678571
590,Carbon Tax,Ref,Ref,Ref,Ref,High,2047,Deploy Carbon Capture,8028,29000,0.276827586
591,Carbon Tax,Ref,Ref,Ref,Ref,High,2047,Shutdown Refinery,20972,29000,0.723172414
592,Carbon Tax,Ref,Ref,Ref,Ref,High,2048,Deploy Carbon Capture,4558,30000,0.151933333
593,Carbon Tax,Ref,Ref,Ref,Ref,High,2048,Shutdown Refinery,25442,30000,0.848066667
594,Carbon Tax,Ref,Ref,Ref,Ref,High,2049,Deploy Carbon Capture,676,31000,0.021806452
595,Carbon Tax,Ref,Ref,Ref,Ref,High,2049,Shutdown Refinery,30324,31000,0.978193548
596,Carbon Tax,Ref,Ref,Ref,Ref,High,2050,Shutdown Refinery,32000,32000,1
597,Carbon Tax,Ref,Ref,Ref,Ref,Low,2019,Continue Operation,1000,1000,1
598,Carbon Tax,Ref,Ref,Ref,Ref,Low,2020,Continue Operation,2000,2000,1
599,Carbon Tax,Ref,Ref,Ref,Ref,Low,2021,Continue Operation,3000,3000,1
600,Carbon Tax,Ref,Ref,Ref,Ref,Low,2022,Continue Operation,2000,4000,0.5
601,Carbon Tax,Ref,Ref,Ref,Ref,Low,2022,Deploy Carbon Capture,2000,4000,0.5
602,Carbon Tax,Ref,Ref,Ref,Ref,Low,2023,Continue Operation,2000,5000,0.4
603,Carbon Tax,Ref,Ref,Ref,Ref,Low,2023,Deploy Carbon Capture,3000,5000,0.6
604,Carbon Tax,Ref,Ref,Ref,Ref,Low,2024,Continue Operation,2000,6000,0.333333333
605,Carbon Tax,Ref,Ref,Ref,Ref,Low,2024,Deploy Carbon Capture,4000,6000,0.666666667
606,Carbon Tax,Ref,Ref,Ref,Ref,Low,2025,Continue Operation,2000,7000,0.285714286
607,Carbon Tax,Ref,Ref,Ref,Ref,Low,2025,Deploy Carbon Capture,5000,7000,0.714285714
608,Carbon Tax,Ref,Ref,Ref,Ref,Low,2026,Continue Operation,2000,8000,0.25
609,Carbon Tax,Ref,Ref,Ref,Ref,Low,2026,Deploy Carbon Capture,6000,8000,0.75
610,Carbon Tax,Ref,Ref,Ref,Ref,Low,2027,Continue Operation,2000,9000,0.222222222
611,Carbon Tax,Ref,Ref,Ref,Ref,Low,2027,Deploy Carbon Capture,7000,9000,0.777777778
612,Carbon Tax,Ref,Ref,Ref,Ref,Low,2028,Continue Operation,1998,10000,0.1998
613,Carbon Tax,Ref,Ref,Ref,Ref,Low,2028,Deploy Carbon Capture,8002,10000,0.8002
614,Carbon Tax,Ref,Ref,Ref,Ref,Low,2029,Continue Operation,1998,11000,0.181636364
615,Carbon Tax,Ref,Ref,Ref,Ref,Low,2029,Deploy Carbon Capture,9002,11000,0.818363636
616,Carbon Tax,Ref,Ref,Ref,Ref,Low,2030,Continue Operation,1996,12000,0.166333333
617,Carbon Tax,Ref,Ref,Ref,Ref,Low,2030,Deploy Carbon Capture,10004,12000,0.833666667
618,Carbon Tax,Ref,Ref,Ref,Ref,Low,2031,Continue Operation,1990,13000,0.153076923
619,Carbon Tax,Ref,Ref,Ref,Ref,Low,2031,Deploy Carbon Capture,11010,13000,0.846923077
620,Carbon Tax,Ref,Ref,Ref,Ref,Low,2032,Continue Operation,1990,14000,0.142142857
621,Carbon Tax,Ref,Ref,Ref,Ref,Low,2032,Deploy Carbon Capture,12010,14000,0.857857143
622,Carbon Tax,Ref,Ref,Ref,Ref,Low,2033,Continue Operation,1986,15000,0.1324
623,Carbon Tax,Ref,Ref,Ref,Ref,Low,2033,Deploy Carbon Capture,13014,15000,0.8676
624,Carbon Tax,Ref,Ref,Ref,Ref,Low,2034,Continue Operation,1980,16000,0.12375
625,Carbon Tax,Ref,Ref,Ref,Ref,Low,2034,Deploy Carbon Capture,14020,16000,0.87625
626,Carbon Tax,Ref,Ref,Ref,Ref,Low,2035,Continue Operation,1924,17000,0.113176471
627,Carbon Tax,Ref,Ref,Ref,Ref,Low,2035,Deploy Carbon Capture,15076,17000,0.886823529
628,Carbon Tax,Ref,Ref,Ref,Ref,Low,2036,Continue Operation,1910,18000,0.106111111
629,Carbon Tax,Ref,Ref,Ref,Ref,Low,2036,Deploy Carbon Capture,16090,18000,0.893888889
630,Carbon Tax,Ref,Ref,Ref,Ref,Low,2037,Continue Operation,1772,19000,0.093263158
631,Carbon Tax,Ref,Ref,Ref,Ref,Low,2037,Deploy Carbon Capture,17228,19000,0.906736842
632,Carbon Tax,Ref,Ref,Ref,Ref,Low,2038,Continue Operation,1530,20000,0.0765
633,Carbon Tax,Ref,Ref,Ref,Ref,Low,2038,Deploy Carbon Capture,18470,20000,0.9235
634,Carbon Tax,Ref,Ref,Ref,Ref,Low,2039,Continue Operation,1170,21000,0.055714286
635,Carbon Tax,Ref,Ref,Ref,Ref,Low,2039,Deploy Carbon Capture,19812,21000,0.943428571
636,Carbon Tax,Ref,Ref,Ref,Ref,Low,2039,Shutdown Refinery,18,21000,0.000857143
637,Carbon Tax,Ref,Ref,Ref,Ref,Low,2040,Continue Operation,814,22000,0.037
638,Carbon Tax,Ref,Ref,Ref,Ref,Low,2040,Deploy Carbon Capture,21090,22000,0.958636364
639,Carbon Tax,Ref,Ref,Ref,Ref,Low,2040,Shutdown Refinery,96,22000,0.004363636
640,Carbon Tax,Ref,Ref,Ref,Ref,Low,2041,Continue Operation,310,23000,0.013478261
641,Carbon Tax,Ref,Ref,Ref,Ref,Low,2041,Deploy Carbon Capture,22344,23000,0.971478261
642,Carbon Tax,Ref,Ref,Ref,Ref,Low,2041,Shutdown Refinery,346,23000,0.015043478
643,Carbon Tax,Ref,Ref,Ref,Ref,Low,2042,Continue Operation,170,24000,0.007083333
644,Carbon Tax,Ref,Ref,Ref,Ref,Low,2042,Deploy Carbon Capture,20131,24000,0.838791667
645,Carbon Tax,Ref,Ref,Ref,Ref,Low,2042,Shutdown Refinery,3699,24000,0.154125
646,Carbon Tax,Ref,Ref,Ref,Ref,Low,2043,Continue Operation,60,25000,0.0024
647,Carbon Tax,Ref,Ref,Ref,Ref,Low,2043,Deploy Carbon Capture,18894,25000,0.75576
648,Carbon Tax,Ref,Ref,Ref,Ref,Low,2043,Shutdown Refinery,6046,25000,0.24184
649,Carbon Tax,Ref,Ref,Ref,Ref,Low,2044,Continue Operation,28,26000,0.001076923
650,Carbon Tax,Ref,Ref,Ref,Ref,Low,2044,Deploy Carbon Capture,15013,26000,0.577423077
651,Carbon Tax,Ref,Ref,Ref,Ref,Low,2044,Shutdown Refinery,10959,26000,0.4215
652,Carbon Tax,Ref,Ref,Ref,Ref,Low,2045,Continue Operation,12,27000,0.000444444
653,Carbon Tax,Ref,Ref,Ref,Ref,Low,2045,Deploy Carbon Capture,13938,27000,0.516222222
654,Carbon Tax,Ref,Ref,Ref,Ref,Low,2045,Shutdown Refinery,13050,27000,0.483333333
655,Carbon Tax,Ref,Ref,Ref,Ref,Low,2046,Continue Operation,6,28000,0.000214286
656,Carbon Tax,Ref,Ref,Ref,Ref,Low,2046,Deploy Carbon Capture,13482,28000,0.4815
657,Carbon Tax,Ref,Ref,Ref,Ref,Low,2046,Shutdown Refinery,14512,28000,0.518285714
658,Carbon Tax,Ref,Ref,Ref,Ref,Low,2047,Deploy Carbon Capture,13171,29000,0.454172414
659,Carbon Tax,Ref,Ref,Ref,Ref,Low,2047,Shutdown Refinery,15829,29000,0.545827586
660,Carbon Tax,Ref,Ref,Ref,Ref,Low,2048,Deploy Carbon Capture,12936,30000,0.4312
661,Carbon Tax,Ref,Ref,Ref,Ref,Low,2048,Shutdown Refinery,17064,30000,0.5688
662,Carbon Tax,Ref,Ref,Ref,Ref,Low,2049,Deploy Carbon Capture,11342,31000,0.365870968
663,Carbon Tax,Ref,Ref,Ref,Ref,Low,2049,Shutdown Refinery,19658,31000,0.634129032
664,Carbon Tax,Ref,Ref,Ref,Ref,Low,2050,Shutdown Refinery,32000,32000,1
665,Carbon Tax,Ref,Ref,Ref,Ref,Ref,2019,Continue Operation,8000,8000,1
666,Carbon Tax,Ref,Ref,Ref,Ref,Ref,2020,Continue Operation,16000,16000,1
667,Carbon Tax,Ref,Ref,Ref,Ref,Ref,2021,Continue Operation,24000,24000,1
668,Carbon Tax,Ref,Ref,Ref,Ref,Ref,2022,Continue Operation,16000,32000,0.5
669,Carbon Tax,Ref,Ref,Ref,Ref,Ref,2022,Deploy Carbon Capture,16000,32000,0.5
670,Carbon Tax,Ref,Ref,Ref,Ref,Ref,2023,Continue Operation,16000,40000,0.4
671,Carbon Tax,Ref,Ref,Ref,Ref,Ref,2023,Deploy Carbon Capture,24000,40000,0.6
672,Carbon Tax,Ref,Ref,Ref,Ref,Ref,2024,Continue Operation,16000,48000,0.333333333
673,Carbon Tax,Ref,Ref,Ref,Ref,Ref,2024,Deploy Carbon Capture,32000,48000,0.666666667
674,Carbon Tax,Ref,Ref,Ref,Ref,Ref,2025,Continue Operation,16000,56000,0.285714286
675,Carbon Tax,Ref,Ref,Ref,Ref,Ref,2025,Deploy Carbon Capture,40000,56000,0.714285714
676,Carbon Tax,Ref,Ref,Ref,Ref,Ref,2026,Continue Operation,16000,64000,0.25
677,Carbon Tax,Ref,Ref,Ref,Ref,Ref,2026,Deploy Carbon Capture,48000,64000,0.75
678,Carbon Tax,Ref,Ref,Ref,Ref,Ref,2027,Continue Operation,16000,72000,0.222222222
679,Carbon Tax,Ref,Ref,Ref,Ref,Ref,2027,Deploy Carbon Capture,56000,72000,0.777777778
680,Carbon Tax,Ref,Ref,Ref,Ref,Ref,2028,Continue Operation,15986,80000,0.199825
681,Carbon Tax,Ref,Ref,Ref,Ref,Ref,2028,Deploy Carbon Capture,64014,80000,0.800175
682,Carbon Tax,Ref,Ref,Ref,Ref,Ref,2029,Continue Operation,15986,88000,0.181659091
683,Carbon Tax,Ref,Ref,Ref,Ref,Ref,2029,Deploy Carbon Capture,72014,88000,0.818340909
684,Carbon Tax,Ref,Ref,Ref,Ref,Ref,2030,Continue Operation,15982,96000,0.166479167
685,Carbon Tax,Ref,Ref,Ref,Ref,Ref,2030,Deploy Carbon Capture,80018,96000,0.833520833
686,Carbon Tax,Ref,Ref,Ref,Ref,Ref,2031,Continue Operation,15967,104000,0.153528846
687,Carbon Tax,Ref,Ref,Ref,Ref,Ref,2031,Deploy Carbon Capture,88033,104000,0.846471154
688,Carbon Tax,Ref,Ref,Ref,Ref,Ref,2032,Continue Operation,15959,112000,0.142491071
689,Carbon Tax,Ref,Ref,Ref,Ref,Ref,2032,Deploy Carbon Capture,96041,112000,0.857508929
690,Carbon Tax,Ref,Ref,Ref,Ref,Ref,2033,Continue Operation,15935,120000,0.132791667
691,Carbon Tax,Ref,Ref,Ref,Ref,Ref,2033,Deploy Carbon Capture,104065,120000,0.867208333
692,Carbon Tax,Ref,Ref,Ref,Ref,Ref,2034,Continue Operation,15887,128000,0.124117188
693,Carbon Tax,Ref,Ref,Ref,Ref,Ref,2034,Deploy Carbon Capture,112113,128000,0.875882813
694,Carbon Tax,Ref,Ref,Ref,Ref,Ref,2035,Continue Operation,15471,136000,0.113757353
695,Carbon Tax,Ref,Ref,Ref,Ref,Ref,2035,Deploy Carbon Capture,120529,136000,0.886242647
696,Carbon Tax,Ref,Ref,Ref,Ref,Ref,2036,Continue Operation,15384,144000,0.106833333
697,Carbon Tax,Ref,Ref,Ref,Ref,Ref,2036,Deploy Carbon Capture,128601,144000,0.8930625
698,Carbon Tax,Ref,Ref,Ref,Ref,Ref,2036,Shutdown Refinery,15,144000,0.000104167
699,Carbon Tax,Ref,Ref,Ref,Ref,Ref,2037,Continue Operation,14498,152000,0.095381579
700,Carbon Tax,Ref,Ref,Ref,Ref,Ref,2037,Deploy Carbon Capture,137485,152000,0.904506579
701,Carbon Tax,Ref,Ref,Ref,Ref,Ref,2037,Shutdown Refinery,17,152000,0.000111842
702,Carbon Tax,Ref,Ref,Ref,Ref,Ref,2038,Continue Operation,12934,160000,0.0808375
703,Carbon Tax,Ref,Ref,Ref,Ref,Ref,2038,Deploy Carbon Capture,146932,160000,0.918325
704,Carbon Tax,Ref,Ref,Ref,Ref,Ref,2038,Shutdown Refinery,134,160000,0.0008375
705,Carbon Tax,Ref,Ref,Ref,Ref,Ref,2039,Continue Operation,10382,168000,0.061797619
706,Carbon Tax,Ref,Ref,Ref,Ref,Ref,2039,Deploy Carbon Capture,156756,168000,0.933071429
707,Carbon Tax,Ref,Ref,Ref,Ref,Ref,2039,Shutdown Refinery,862,168000,0.005130952
708,Carbon Tax,Ref,Ref,Ref,Ref,Ref,2040,Continue Operation,7836,176000,0.044522727
709,Carbon Tax,Ref,Ref,Ref,Ref,Ref,2040,Deploy Carbon Capture,163751,176000,0.930403409
710,Carbon Tax,Ref,Ref,Ref,Ref,Ref,2040,Shutdown Refinery,4413,176000,0.025073864
711,Carbon Tax,Ref,Ref,Ref,Ref,Ref,2041,Continue Operation,3954,184000,0.02148913
712,Carbon Tax,Ref,Ref,Ref,Ref,Ref,2041,Deploy Carbon Capture,169542,184000,0.921423913
713,Carbon Tax,Ref,Ref,Ref,Ref,Ref,2041,Shutdown Refinery,10504,184000,0.057086957
714,Carbon Tax,Ref,Ref,Ref,Ref,Ref,2042,Continue Operation,2706,192000,0.01409375
715,Carbon Tax,Ref,Ref,Ref,Ref,Ref,2042,Deploy Carbon Capture,153683,192000,0.800432292
716,Carbon Tax,Ref,Ref,Ref,Ref,Ref,2042,Shutdown Refinery,35611,192000,0.185473958
717,Carbon Tax,Ref,Ref,Ref,Ref,Ref,2043,Continue Operation,1243,200000,0.006215
718,Carbon Tax,Ref,Ref,Ref,Ref,Ref,2043,Deploy Carbon Capture,147629,200000,0.738145
719,Carbon Tax,Ref,Ref,Ref,Ref,Ref,2043,Shutdown Refinery,51128,200000,0.25564
720,Carbon Tax,Ref,Ref,Ref,Ref,Ref,2044,Continue Operation,729,208000,0.003504808
721,Carbon Tax,Ref,Ref,Ref,Ref,Ref,2044,Deploy Carbon Capture,123428,208000,0.593403846
722,Carbon Tax,Ref,Ref,Ref,Ref,Ref,2044,Shutdown Refinery,83843,208000,0.403091346
723,Carbon Tax,Ref,Ref,Ref,Ref,Ref,2045,Continue Operation,487,216000,0.00225463
724,Carbon Tax,Ref,Ref,Ref,Ref,Ref,2045,Deploy Carbon Capture,115713,216000,0.535708333
725,Carbon Tax,Ref,Ref,Ref,Ref,Ref,2045,Shutdown Refinery,99800,216000,0.462037037
726,Carbon Tax,Ref,Ref,Ref,Ref,Ref,2046,Continue Operation,293,224000,0.001308036
727,Carbon Tax,Ref,Ref,Ref,Ref,Ref,2046,Deploy Carbon Capture,108984,224000,0.486535714
728,Carbon Tax,Ref,Ref,Ref,Ref,Ref,2046,Shutdown Refinery,114723,224000,0.51215625
729,Carbon Tax,Ref,Ref,Ref,Ref,Ref,2047,Continue Operation,106,232000,0.000456897
730,Carbon Tax,Ref,Ref,Ref,Ref,Ref,2047,Deploy Carbon Capture,100296,232000,0.432310345
731,Carbon Tax,Ref,Ref,Ref,Ref,Ref,2047,Shutdown Refinery,131598,232000,0.567232759
732,Carbon Tax,Ref,Ref,Ref,Ref,Ref,2048,Continue Operation,106,240000,0.000441667
733,Carbon Tax,Ref,Ref,Ref,Ref,Ref,2048,Deploy Carbon Capture,79681,240000,0.332004167
734,Carbon Tax,Ref,Ref,Ref,Ref,Ref,2048,Shutdown Refinery,160213,240000,0.667554167
735,Carbon Tax,Ref,Ref,Ref,Ref,Ref,2049,Continue Operation,88,248000,0.000354839
736,Carbon Tax,Ref,Ref,Ref,Ref,Ref,2049,Deploy Carbon Capture,36693,248000,0.147955645
737,Carbon Tax,Ref,Ref,Ref,Ref,Ref,2049,Shutdown Refinery,211219,248000,0.851689516
738,Carbon Tax,Ref,Ref,Ref,Ref,Ref,2050,Continue Operation,22,256000,8.59E-05
739,Carbon Tax,Ref,Ref,Ref,Ref,Ref,2050,Deploy Carbon Capture,330,256000,0.001289063
740,Carbon Tax,Ref,Ref,Ref,Ref,Ref,2050,Shutdown Refinery,255648,256000,0.998625
